SET SQL_MODE = "NO_AUTO_VALUE_ON_ZERO";
SET time_zone = "+00:00";


/*!40101 SET @OLD_CHARACTER_SET_CLIENT=@@CHARACTER_SET_CLIENT */;
/*!40101 SET @OLD_CHARACTER_SET_RESULTS=@@CHARACTER_SET_RESULTS */;
/*!40101 SET @OLD_COLLATION_CONNECTION=@@COLLATION_CONNECTION */;
/*!40101 SET NAMES utf8 */;
--
-- Database: `villa_campestre`
--




CREATE TABLE `rol` (
  `rol_id` int(11) NOT NULL AUTO_INCREMENT,
  `rol_nombre` varchar(50) NOT NULL,
  `rol_descripcion` varchar(100) NOT NULL,
  PRIMARY KEY (`rol_id`)
) ENGINE=InnoDB AUTO_INCREMENT=3 DEFAULT CHARSET=utf8mb4;


INSERT INTO rol VALUES
("1","administrador","admin"),
("2","empleado","caja");




CREATE TABLE `estado_reserva` (
  `sr_estado_reserva` int(11) NOT NULL AUTO_INCREMENT,
  `sr_nombre` varchar(50) NOT NULL,
  `sr_descripcion` longtext NOT NULL,
  `sr_color` varchar(20) NOT NULL,
  PRIMARY KEY (`sr_estado_reserva`)
) ENGINE=InnoDB AUTO_INCREMENT=7 DEFAULT CHARSET=utf8mb4;


INSERT INTO estado_reserva VALUES
("1","Disponible","Esta disponible","#28a745"),
("2","Reservada","","#ffc107"),
("3","Tiempo Parcial","","#dc3545"),
("4","Cortesia","","#6f42c1"),
("5","Promoci칩n","","#343a40"),
("6","Limpieza","","#17a2b8");




CREATE TABLE `usuario` (
  `usu_id` int(11) NOT NULL AUTO_INCREMENT,
  `usu_nombres` varchar(100) NOT NULL,
  `usu_apellidos` varchar(100) NOT NULL,
  `usu_numero_documento` bigint(20) NOT NULL,
  `usu_fecha_nacimiento` date NOT NULL,
  `usu_numero_contacto` bigint(20) NOT NULL,
  `usu_correo` varchar(100) NOT NULL,
  `usu_nombre_login` varchar(70) NOT NULL,
  `usu_rol` int(11) NOT NULL,
  `usu_contrasena` varchar(250) NOT NULL,
  `usu_fecha_creacion` date NOT NULL,
  `usu_estado` int(1) NOT NULL,
  PRIMARY KEY (`usu_id`),
  KEY `usu_rol` (`usu_rol`),
  CONSTRAINT `usuario_ibfk_1` FOREIGN KEY (`usu_rol`) REFERENCES `rol` (`rol_id`) ON UPDATE CASCADE
) ENGINE=InnoDB AUTO_INCREMENT=3 DEFAULT CHARSET=utf8mb4;


INSERT INTO usuario VALUES
("1","Caja","Caja","0","2019-09-14","0","0","caja","2","$2y$10$rvr2xtuecn1WfoIew5fbLefP6nxQBhNCKdgBfWE7occUsqSVRra0u","2019-09-14","1"),
("2","Cristian Alexis","Lopera Bedoya","1214746318","1999-04-20","3233557660","cristian1020011@gmail.com","admin","1","$2y$10$rvr2xtuecn1WfoIew5fbLefP6nxQBhNCKdgBfWE7occUsqSVRra0u","2019-09-05","1");




CREATE TABLE `categorias` (
  `id_categoria` int(11) NOT NULL AUTO_INCREMENT,
  `cat_nombre` varchar(100) NOT NULL,
  `cat_descripcion` longtext NOT NULL,
  `cat_fecha_creacion` date NOT NULL,
  PRIMARY KEY (`id_categoria`)
) ENGINE=InnoDB AUTO_INCREMENT=10 DEFAULT CHARSET=utf8mb4;


INSERT INTO categorias VALUES
("4","Lubricantes","pa que entre derecho y rico","2019-09-12"),
("5","Juguetes Sexuales ","Juguetes para parejas ","2019-10-05"),
("6","Licores","Licores Nacionales e importados","2019-10-05"),
("7","Otros","Productos del bar","2019-10-05"),
("8","Refrescos","Bebidas","2019-10-05"),
("9","Varios","Productos de aseo o intimos ","2019-10-05");




CREATE TABLE `villa_config` (
  `id_conf` int(11) NOT NULL AUTO_INCREMENT,
  `conf_iva` int(11) NOT NULL,
  `conf_minutos_cortesia` int(11) NOT NULL,
  `conf_precio_decoracion` bigint(20) NOT NULL,
  `minutos_contar_hora` int(11) NOT NULL,
  `id_usuario` int(11) NOT NULL,
  PRIMARY KEY (`id_conf`),
  KEY `id_usuario` (`id_usuario`),
  CONSTRAINT `villa_config_ibfk_1` FOREIGN KEY (`id_usuario`) REFERENCES `usuario` (`usu_id`) ON UPDATE CASCADE
) ENGINE=InnoDB AUTO_INCREMENT=2 DEFAULT CHARSET=utf8mb4;


INSERT INTO villa_config VALUES
("1","19","6","90000","15","2");




CREATE TABLE `villa_conf_facturas` (
  `conf_id_fac` int(11) NOT NULL,
  `conf_resolucion` varchar(100) NOT NULL,
  `conf_razon_social` varchar(200) NOT NULL,
  `conf_nombre_empresa` varchar(100) NOT NULL,
  `conf_nit` varchar(50) NOT NULL,
  `conf_direccion` varchar(70) NOT NULL,
  `conf_telefono` varchar(20) NOT NULL,
  `conf_ciudad` varchar(30) NOT NULL,
  `conf_fecha_inicio` date NOT NULL,
  `conf_fecha_fin` date NOT NULL,
  `conf_rango_inicio` varchar(20) NOT NULL,
  `conf_rango_fin` varchar(20) NOT NULL,
  `conf_mensaje` varchar(150) NOT NULL,
  `conf_logo` varchar(100) NOT NULL,
  `id_usuario` int(11) NOT NULL,
  PRIMARY KEY (`conf_id_fac`),
  KEY `id_usuario` (`id_usuario`),
  CONSTRAINT `villa_conf_facturas_ibfk_1` FOREIGN KEY (`id_usuario`) REFERENCES `usuario` (`usu_id`) ON UPDATE CASCADE
) ENGINE=InnoDB DEFAULT CHARSET=utf8mb4;


INSERT INTO villa_conf_facturas VALUES
("1","1876201208237","APARTA HOTEL VILLA CAMPESTRE","INVESTMENTS GROUP S.A.S","901233749-6","CARRETERA LA CORDIALIDAD N0 22-72","(095)6632106","Cartagena, Bolivar (Colombia)","2018-12-31","2018-12-31","000001","VC 200000","MUCHAS GRACIAS POR SU VISITA.","930a77b34acfddeb24c47eeb2d92ff54.JPG","2");




CREATE TABLE `tipo_habitacion` (
  `id_tipo_habitacion` int(11) NOT NULL AUTO_INCREMENT,
  `th_nombre_tipo` varchar(50) NOT NULL,
  `th_descripcion` longtext NOT NULL,
  `th_valor_hora_despues24` bigint(20) NOT NULL,
  `th_valor_persona_adicional` bigint(20) NOT NULL,
  `th_estado` int(1) NOT NULL,
  `th_fecha_creacion` date NOT NULL,
  `th_valor_hora1` bigint(20) NOT NULL,
  `th_valor_hora2` bigint(20) NOT NULL,
  `th_valor_hora3` bigint(20) NOT NULL,
  `th_valor_hora4` bigint(20) NOT NULL,
  `th_valor_hora5` bigint(20) NOT NULL,
  `th_valor_hora6` bigint(20) NOT NULL,
  `th_valor_hora7` bigint(20) NOT NULL,
  `th_valor_hora8` bigint(20) NOT NULL,
  `th_valor_hora9` bigint(20) NOT NULL,
  `th_valor_hora10` bigint(20) NOT NULL,
  `th_valor_hora11` bigint(20) NOT NULL,
  `th_valor_hora12` bigint(20) NOT NULL,
  `th_valor_hora13` bigint(20) NOT NULL,
  `th_valor_hora14` bigint(20) NOT NULL,
  `th_valor_hora15` bigint(20) NOT NULL,
  `th_valor_hora16` bigint(20) NOT NULL,
  `th_valor_hora17` bigint(20) NOT NULL,
  `th_valor_hora18` bigint(20) NOT NULL,
  `th_valor_hora19` bigint(20) NOT NULL,
  `th_valor_hora20` bigint(20) NOT NULL,
  `th_valor_hora21` bigint(20) NOT NULL,
  `th_valor_hora22` bigint(20) NOT NULL,
  `th_valor_hora23` bigint(20) NOT NULL,
  `th_valor_hora24` bigint(20) NOT NULL,
  PRIMARY KEY (`id_tipo_habitacion`),
  UNIQUE KEY `th_nombre_tipo` (`th_nombre_tipo`)
) ENGINE=InnoDB AUTO_INCREMENT=2 DEFAULT CHARSET=utf8mb4;


INSERT INTO tipo_habitacion VALUES
("1","Sencilla","tv, wifi, musica, bar","20000","12000","1","2019-09-07","20000","24000","32000","38000","50000","54000","54000","54000","54000","76000","76000","76000","76000","76000","76000","76000","76000","76000","76000","76000","76000","76000","76000","76000");




CREATE TABLE `habitacion` (
  `hab_numero` int(11) NOT NULL,
  `id_tipo_habitacion` int(11) NOT NULL,
  `hab_detalle` longtext NOT NULL,
  `sr_estado_reserva` int(11) NOT NULL,
  `hab_fecha_creacion` date NOT NULL,
  `hab_estado` int(1) NOT NULL,
  PRIMARY KEY (`hab_numero`),
  KEY `id_tipo_habitacion` (`id_tipo_habitacion`),
  KEY `sr_estado_reserva` (`sr_estado_reserva`),
  CONSTRAINT `habitacion_ibfk_1` FOREIGN KEY (`id_tipo_habitacion`) REFERENCES `tipo_habitacion` (`id_tipo_habitacion`) ON UPDATE CASCADE,
  CONSTRAINT `habitacion_ibfk_2` FOREIGN KEY (`sr_estado_reserva`) REFERENCES `estado_reserva` (`sr_estado_reserva`) ON UPDATE CASCADE
) ENGINE=InnoDB DEFAULT CHARSET=utf8mb4;


INSERT INTO habitacion VALUES
("1","1","Tv, wifi, musica, bar ","1","0000-00-00","1"),
("2","1","Tv, wifi, musica, bar ","1","2019-09-08","1"),
("3","1","Tv, wifi, musica, bar ","1","2019-09-08","1"),
("4","1","Sencilla","1","2019-10-05","1"),
("5","1","Tv, wifi, musica, bar ","1","2019-10-05","1"),
("6","1","Tv, wifi, musica, bar ","1","2019-10-05","1"),
("7","1","Tv, wifi, musica, bar ","1","2019-10-05","1"),
("8","1","Tv, wifi, musica, bar ","1","2019-10-05","1"),
("9","1","Tv, wifi, musica, bar ","1","2019-10-05","1"),
("10","1","Tv, wifi, musica, bar ","1","2019-10-05","1"),
("11","1","sencilla","1","2019-10-05","1"),
("12","1","Sencilla","1","2019-10-05","1"),
("13","1","","1","2019-10-05","1"),
("14","1","","1","2019-10-05","1"),
("15","1","","1","2019-10-05","1"),
("16","1","","1","2019-10-05","1"),
("17","1","","1","2019-10-05","1"),
("18","1","","1","2019-10-05","1"),
("19","1","","1","2019-10-05","1"),
("20","1","","1","2019-10-05","1"),
("21","1","","1","2019-10-05","1"),
("22","1","","1","2019-10-05","1"),
("23","1","","1","2019-10-05","1"),
("24","1","","1","2019-10-05","1"),
("25","1","","1","2019-10-05","1"),
("26","1","","1","2019-10-05","1"),
("27","1","","1","2019-10-05","1"),
("28","1","","1","2019-10-05","1"),
("29","1","","1","2019-10-05","1"),
("30","1","","1","2019-10-05","1"),
("31","1","","1","2019-10-05","1"),
("32","1","","1","2019-10-05","1"),
("33","1","","1","2019-10-05","1"),
("34","1","","1","2019-10-05","1"),
("35","1","","1","2019-10-05","1"),
("36","1","","1","2019-10-05","1"),
("37","1","","1","2019-10-05","1"),
("38","1","","1","2019-10-05","1"),
("39","1","","1","2019-10-05","1"),
("40","1","","1","2019-10-05","1"),
("41","1","","1","2019-10-05","1"),
("42","1","","1","2019-10-05","1"),
("43","1","","1","2019-10-05","1"),
("44","1","","1","2019-10-05","1"),
("45","1","","1","2019-10-05","1"),
("46","1","","1","2019-10-05","1"),
("47","1","","1","2019-10-05","1"),
("48","1","","1","2019-10-05","1"),
("49","1","","1","2019-10-05","1"),
("50","1","","1","2019-10-05","1"),
("51","1","","1","2019-10-05","1"),
("52","1","","1","2019-10-05","1"),
("53","1","","1","2019-10-05","1"),
("54","1","","1","2019-10-05","1"),
("55","1","","1","2019-10-05","1"),
("56","1","","1","2019-10-05","1"),
("57","1","","1","2019-10-05","1"),
("58","1","","1","2019-10-05","1"),
("59","1","","1","2019-10-05","1"),
("60","1","","1","2019-10-05","1"),
("61","1","","1","2019-10-05","1"),
("62","1","","1","2019-10-05","1"),
("63","1","","1","2019-10-05","1"),
("64","1","","1","2019-10-05","1"),
("65","1","","1","2019-10-05","1"),
("66","1","","1","2019-10-05","1"),
("67","1","","1","2019-10-05","1"),
("68","1","","1","2019-10-05","1"),
("69","1","","1","2019-10-05","1"),
("70","1","","1","2019-10-05","1"),
("71","1","","1","2019-10-05","1"),
("72","1","","1","2019-10-05","1"),
("73","1","","1","2019-10-05","1"),
("74","1","","1","2019-10-05","1"),
("75","1","","1","2019-10-05","1"),
("76","1","","1","2019-10-05","1"),
("77","1","","1","2019-10-05","1"),
("78","1","","1","2019-10-05","1"),
("79","1","","1","2019-10-05","1"),
("80","1","","1","2019-10-05","1");




CREATE TABLE `control_turnos` (
  `id_control` int(11) NOT NULL AUTO_INCREMENT,
  `id_usuario` int(11) NOT NULL,
  `valor_inicial` int(11) NOT NULL,
  `factura_inicio` int(11) DEFAULT NULL,
  `factura_fin` int(11) DEFAULT NULL,
  `fecha_turno` date NOT NULL,
  `hora_inicio` time NOT NULL,
  `hora_fin` time DEFAULT NULL,
  `valor_total_cierre` bigint(20) DEFAULT NULL,
  `total_facturas_realizadas` int(11) DEFAULT NULL,
  `total_efectivo` bigint(20) NOT NULL DEFAULT 0,
  `total_credito` bigint(20) NOT NULL DEFAULT 0,
  `total_transferencia` bigint(20) NOT NULL DEFAULT 0,
  PRIMARY KEY (`id_control`),
  KEY `id_usuario` (`id_usuario`),
  CONSTRAINT `control_turnos_ibfk_1` FOREIGN KEY (`id_usuario`) REFERENCES `usuario` (`usu_id`) ON UPDATE CASCADE
) ENGINE=InnoDB AUTO_INCREMENT=16 DEFAULT CHARSET=utf8mb4;


INSERT INTO control_turnos VALUES
("1","1","500000","65003","65003","2019-10-05","11:31:54","03:37:31","20000","1","20000","0","0"),
("2","1","500000","65004","65120","2019-10-06","02:05:23","07:13:24","2812000","117","2781000","31000","0"),
("3","1","500000","65166","65221","2019-10-07","08:12:17","06:51:45","2337600","56","2337600","0","0"),
("4","1","500",NULL,NULL,"2019-10-09","10:45:30","11:11:04","0","0","0","0","0"),
("5","1","500000",NULL,NULL,"2019-10-15","05:56:57",NULL,NULL,NULL,"0","0","0"),
("6","1","500000",NULL,NULL,"2019-10-18","09:57:10","06:23:50","0","0","0","0","0"),
("7","1","500000",NULL,NULL,"2019-10-23","10:24:06",NULL,NULL,NULL,"0","0","0"),
("8","1","500000","65229","65253","2019-10-24","12:01:40","02:20:55","854000","25","830000","24000","0"),
("9","1","122000","65355","65498","2019-10-25","12:05:40","09:48:25","5043700","144","4939700","104000","0"),
("10","1","500000",NULL,NULL,"2019-10-26","02:03:51",NULL,NULL,NULL,"0","0","0"),
("11","1","500000",NULL,NULL,"2019-11-06","04:46:28","04:46:30","0","0","0","0","0"),
("12","1","500000","65511","65718","2019-11-14","10:41:47","09:56:05","5063900","208","5063900","0","0"),
("13","1","500000","65719","65874","2019-11-15","01:58:24","09:50:37","3677800","156","3657800","20000","0"),
("14","1","500000",NULL,NULL,"2019-11-16","06:32:33",NULL,NULL,NULL,"0","0","0"),
("15","1","10000","65916","65916","2019-11-23","08:32:32","08:43:02","88000","1","88000","0","0");




CREATE TABLE `promocion` (
  `id_promocion` int(11) NOT NULL AUTO_INCREMENT,
  `promo_nombre` varchar(80) NOT NULL,
  `promo_tiempo` time NOT NULL,
  `promo_valor` bigint(20) NOT NULL,
  `promo_fecha_registro` date NOT NULL,
  `id_usuario` int(11) NOT NULL,
  `promo_estado` int(1) NOT NULL,
  `promo_color` varchar(20) NOT NULL DEFAULT '#000000',
  PRIMARY KEY (`id_promocion`),
  UNIQUE KEY `promo_nombre` (`promo_nombre`),
  KEY `id_usuario` (`id_usuario`),
  CONSTRAINT `promocion_ibfk_1` FOREIGN KEY (`id_usuario`) REFERENCES `usuario` (`usu_id`) ON UPDATE CASCADE
) ENGINE=InnoDB AUTO_INCREMENT=5 DEFAULT CHARSET=utf8mb4;


INSERT INTO promocion VALUES
("1","3x1","03:00:00","30000","2019-09-05","2","0","#000000"),
("2","3 horas","15:00:00","24000","2019-10-05","2","1","#000000"),
("3","9 horas","21:00:00","54000","2019-11-06","2","1","#46ceb3"),
("4","12 horas","12:00:00","76000","2019-11-06","2","1","#0614bf");




CREATE TABLE `proveedores` (
  `id_proveedor` int(11) NOT NULL AUTO_INCREMENT,
  `pr_nit` varchar(15) NOT NULL,
  `pr_nombre` varchar(100) NOT NULL,
  `pr_razon_social` varchar(100) NOT NULL,
  `pr_telefono` bigint(20) NOT NULL,
  `pr_direccion` varchar(60) NOT NULL,
  `pr_email` varchar(100) NOT NULL,
  `pr_numero_cuenta` varchar(50) NOT NULL,
  `pr_tipo_cuenta` varchar(30) NOT NULL,
  `pr_banco` varchar(70) NOT NULL,
  `nombre_contacto` varchar(100) NOT NULL,
  `pr_ultimo_aprovisionamiento` date NOT NULL,
  `pr_fecha_registro` date NOT NULL,
  PRIMARY KEY (`id_proveedor`)
) ENGINE=InnoDB AUTO_INCREMENT=12 DEFAULT CHARSET=utf8mb4;


INSERT INTO proveedores VALUES
("5","4645646","Empresa s.a","somos mas","54444555","carrera 50 n 59-120","haha@viveal100.com","1111111","Ahorros","BBVA","Empresa s.a","2019-10-05","2019-10-05"),
("6","890903","Industria Nacional de Gaseosas ","Coca-Cola","6931847","diagonal 21 barri el bosque","sneyderdiazb@gmail.com","222222","Ahorros","BBVA","Industria Nacional de Gaseosas ","2019-10-05","2019-10-05"),
("7","890903939-5","Posada Tobon SA","Postobon","3157632751","calle 52 # 47-42 ps25","servicioalcliente@postobon.com.co","3333333","Ahorros","BBVA","Posada Tobon SA","2019-10-05","2019-10-05"),
("8","8850273-1","Punto frio  el profe","Punto frio  el profe","6522924","Dg 31 #82-255 local1","puntofrioelprofe@gmail.com","4444444","Ahorros","BBVA","Punto frio  el profe","2019-10-05","2019-10-05"),
("9","9000059238-5","Mako Cartagena","MAkro supermayorista sas","6522924","Los ejecutivos","makrocartagena@gmail.com","5555555","Ahorros","BBVA","Mako Cartagena","2019-10-05","2019-10-05"),
("10","73149830","Carlos Agamez Garcia ","Carlos Agamez Garcia ","3167218550","El recreo","Carlosagamezgarcia@gmail.com","666666","Ahorros","BBVA","Carlos Agamez Garcia ","2019-10-05","2019-10-05"),
("11","900429231-2","Asian Andina Group Sas","Asian Andina ","3137377309","cartagena","asiaandinagroup@gmail.com","777777","Ahorros","BBVA","Asian Andina Group Sas","2019-10-05","2019-10-05");




CREATE TABLE `reservas_anuladas` (
  `id_anulacion` int(11) NOT NULL AUTO_INCREMENT,
  `hab_numero` int(11) NOT NULL,
  `id_usuario` int(11) NOT NULL,
  `promo_id` int(11) DEFAULT NULL,
  `ranula_fecha_hora_ingreso` datetime NOT NULL,
  `ranula_habitacion_decorada` int(1) NOT NULL,
  `ranula_motivo` varchar(150) NOT NULL,
  PRIMARY KEY (`id_anulacion`),
  KEY `hab_numero` (`hab_numero`),
  KEY `id_usuario` (`id_usuario`),
  KEY `promo_id` (`promo_id`),
  CONSTRAINT `reservas_anuladas_ibfk_1` FOREIGN KEY (`hab_numero`) REFERENCES `habitacion` (`hab_numero`) ON DELETE CASCADE ON UPDATE CASCADE,
  CONSTRAINT `reservas_anuladas_ibfk_2` FOREIGN KEY (`id_usuario`) REFERENCES `usuario` (`usu_id`) ON DELETE CASCADE ON UPDATE CASCADE,
  CONSTRAINT `reservas_anuladas_ibfk_3` FOREIGN KEY (`promo_id`) REFERENCES `promocion` (`id_promocion`) ON DELETE CASCADE ON UPDATE CASCADE
) ENGINE=InnoDB AUTO_INCREMENT=64 DEFAULT CHARSET=utf8mb4;


INSERT INTO reservas_anuladas VALUES
("1","1","1",NULL,"2019-10-18 18:16:30","0","tiempo"),
("2","19","1",NULL,"2019-10-24 16:27:15","0","NO ADQUIRIO EL SERVICIO\n"),
("3","63","1",NULL,"2019-10-24 16:29:04","0","NO VA ADQUIRIR LA RESERVA"),
("4","64","1",NULL,"2019-10-24 16:47:59","0","NO VA ADQUIRIR LA PROMOCION\n"),
("5","27","1",NULL,"2019-10-24 19:56:30","0","no va aquirir promocion"),
("6","7","1","2","2019-10-24 23:43:13","0","porque siii"),
("7","3","1",NULL,"2019-10-24 23:43:58","0","si"),
("8","14","1",NULL,"2019-10-25 18:28:37","0","."),
("9","8","1",NULL,"2019-10-25 18:43:39","0",".\n"),
("10","29","1",NULL,"2019-10-25 18:58:07","0","."),
("11","55","1",NULL,"2019-10-25 19:48:33","0",".\n"),
("12","2","2",NULL,"2019-10-25 21:31:28","0","N/A"),
("13","1","2","2","2019-10-25 21:36:25","0","N/A"),
("14","8","2",NULL,"2019-10-25 21:32:19","0","N/A"),
("15","24","2",NULL,"2019-10-25 21:16:24","0","N/A"),
("16","30","2",NULL,"2019-10-25 19:50:57","0","N/A"),
("17","25","2",NULL,"2019-10-25 20:11:58","0","N/A"),
("18","19","2",NULL,"2019-10-25 20:23:53","0","N/A"),
("19","28","2",NULL,"2019-10-25 19:42:18","0","N/A"),
("20","69","2",NULL,"2019-10-25 18:46:40","0","N/A"),
("21","36","2",NULL,"2019-10-25 21:15:57","0","N/A"),
("22","34","2",NULL,"2019-10-25 20:25:37","0","N/A"),
("23","32","2",NULL,"2019-10-25 19:59:59","0","N/A"),
("24","42","2",NULL,"2019-10-25 20:40:11","0","N/A"),
("25","48","2",NULL,"2019-10-25 19:04:10","0","N/A"),
("26","62","2","2","2019-10-25 19:34:40","0","N/A"),
("27","63","2","2","2019-10-25 20:34:47","0","N/A"),
("28","64","2","2","2019-10-25 18:19:07","0","N/A"),
("29","59","2","2","2019-10-25 20:34:40","0","N/A"),
("30","57","2",NULL,"2019-10-25 19:59:45","1","N/A"),
("31","65","2",NULL,"2019-10-25 20:38:42","0","N/A"),
("32","72","2",NULL,"2019-10-25 21:00:38","0","N/A"),
("33","56","2",NULL,"2019-10-25 20:24:02","0","N/A"),
("34","43","2",NULL,"2019-10-25 21:24:19","0","N/A"),
("35","40","2",NULL,"2019-10-25 21:02:33","0","N/A"),
("36","68","2",NULL,"2019-10-25 20:44:52","0","N/A"),
("37","39","2",NULL,"2019-10-25 19:44:08","0","N/A"),
("38","38","2",NULL,"2019-10-25 21:02:29","0","N/A"),
("39","1","2",NULL,"2019-11-14 11:32:18","0","N/A"),
("40","27","1",NULL,"2019-11-14 13:52:57","0","N/A"),
("41","26","1",NULL,"2019-11-14 13:52:53","0","N/A"),
("42","25","1",NULL,"2019-11-14 13:52:41","0","N/A"),
("43","21","1",NULL,"2019-11-14 13:52:34","0","N/A"),
("44","23","1",NULL,"2019-11-14 13:52:37","0","N/A"),
("45","24","1",NULL,"2019-11-14 14:14:52","0","N/A"),
("46","71","1",NULL,"2019-11-14 14:30:47","0","N/A"),
("47","12","1",NULL,"2019-11-14 14:40:37","0","N/A"),
("48","1","1",NULL,"2019-11-14 16:51:33","0","N/A"),
("49","8","1",NULL,"2019-11-14 18:49:14","0","N/A"),
("50","5","1","3","2019-11-14 21:25:31","0","N/A"),
("51","6","1","3","2019-11-14 21:29:58","0","N/A"),
("52","37","1",NULL,"2019-11-15 14:46:34","0","N/A"),
("53","8","1",NULL,"2019-11-15 15:35:03","0","N/A"),
("54","73","1",NULL,"2019-11-15 19:08:31","0","N/A"),
("55","71","1",NULL,"2019-11-15 20:38:27","0","N/A"),
("56","28","2",NULL,"2019-11-16 07:13:11","0","N/A"),
("57","37","2",NULL,"2019-11-16 07:48:22","0","N/A"),
("58","29","2",NULL,"2019-11-16 07:13:15","0","N/A"),
("59","34","2",NULL,"2019-11-16 07:34:33","0","N/A"),
("60","35","2",NULL,"2019-11-16 07:34:40","0","N/A"),
("61","32","2",NULL,"2019-11-16 07:34:27","0","N/A"),
("62","31","2",NULL,"2019-11-16 07:34:12","0","N/A"),
("63","36","2",NULL,"2019-11-16 07:43:59","0","N/A");




CREATE TABLE `producto` (
  `id_producto` int(11) NOT NULL AUTO_INCREMENT,
  `pro_codigo` varchar(50) NOT NULL,
  `pro_nombre` varchar(100) NOT NULL,
  `pro_precio_compra` bigint(11) NOT NULL,
  `pro_precio_venta` bigint(20) NOT NULL,
  `id_categoria` int(11) NOT NULL,
  `id_proveedor` int(11) NOT NULL,
  `pro_imagen` varchar(200) NOT NULL,
  `pro_cantidad_disponible` int(11) NOT NULL,
  `pro_fecha_ultima_modificacion` date NOT NULL,
  `pro_fecha_creacion` date NOT NULL,
  `pro_estado` int(1) NOT NULL,
  PRIMARY KEY (`id_producto`),
  KEY `id_categoria` (`id_categoria`),
  KEY `id_proveedor` (`id_proveedor`),
  CONSTRAINT `producto_ibfk_1` FOREIGN KEY (`id_proveedor`) REFERENCES `proveedores` (`id_proveedor`) ON UPDATE CASCADE,
  CONSTRAINT `producto_ibfk_2` FOREIGN KEY (`id_categoria`) REFERENCES `categorias` (`id_categoria`) ON UPDATE CASCADE
) ENGINE=InnoDB AUTO_INCREMENT=78 DEFAULT CHARSET=utf8mb4;


INSERT INTO producto VALUES
("15","JU01008","Preservativos Varios","1324","3000","5","5","92828d42c9e87aee3481689bb8602381.png","502","2019-10-05","2019-10-05","1"),
("16","JU01012","Lubricantes ","1100","3500","5","5","1360caab00ef961bdbec95f7911d0efd.jpg","49","2019-10-05","2019-10-05","1"),
("17","JU0103","Erotic Multi ","2723","8000","5","5","4d4badc6d75996f9c66e4b25974cce9a.jpg","50","2019-10-05","2019-10-05","1"),
("18","JU0105","Erotc Retardante ","2900","8000","5","5","afba998ce6a8cb12615a722292a39971.jpg","48","2019-10-05","2019-10-05","1"),
("19","JU0106","Erotic Anal ","2700","8000","5","5","d32155d06453e0cac0e9555e2a7ac69d.jpg","49","2019-10-05","2019-10-05","1"),
("20","JU0107","Erotic Tighten up ","2326","8000","5","5","641c7939ca8a29e57d1e994189e0dd5c.jpg","48","2019-10-05","2019-10-05","1"),
("21","JU0108","Aceite Erotic","2700","8000","5","5","img_deafult_product.jpg","48","2019-10-05","2019-10-05","1"),
("22","JU0109","Aceite Erotic Corazon","4200","9000","5","5","img_deafult_product.jpg","50","2019-10-05","2019-10-05","1"),
("23","JU0110","Multi Orgasmos Gold Fly  Spanish ","2000","5000","5","5","img_deafult_product.jpg","4","2019-10-05","2019-10-05","1"),
("24","JU0113","Sobre Orgamix Cocool","1100","5000","5","5","img_deafult_product.jpg","18","2019-10-05","2019-10-05","1"),
("25","JU0116","Kit Sensual Love n4","7540","18000","5","5","img_deafult_product.jpg","50","2019-10-05","2019-10-05","1"),
("26","JU0118","Cojin Aceite Erotic","1100","5000","5","5","img_deafult_product.jpg","50","2019-10-05","2019-10-05","1"),
("27","JU0122","Climax gel Erotico","7600","10000","5","5","img_deafult_product.jpg","50","2019-10-05","2019-10-05","1"),
("28","JU0123","Debi diamond #2","25375","45000","5","5","img_deafult_product.jpg","50","2019-10-05","2019-10-05","1"),
("29","JU0124","Vibrador Pasta peque침o ","12500","23000","5","5","img_deafult_product.jpg","50","2019-10-05","2019-10-05","1"),
("30","JU0125","huevo Plateado","12500","20000","5","5","img_deafult_product.jpg","50","2019-10-05","2019-10-05","1"),
("31","JU0126","anilo Pleasuring Ringz","12500","20000","5","5","img_deafult_product.jpg","50","2019-10-05","2019-10-05","1"),
("32","JU0129","Tomatodo Prendas ","2300","5000","5","5","img_deafult_product.jpg","50","2019-10-05","2019-10-05","1"),
("33","JU0132","Scorpion Seper X-Treme","22500","32000","5","5","img_deafult_product.jpg","2","2019-10-05","2019-10-05","1"),
("34","JU01009","Display Preservativos","3495","6500","5","5","img_deafult_product.jpg","7","2019-10-05","2019-10-05","1"),
("35","JU0133","Vibrador NEon ","19580","35000","5","5","d1f705a61ee1492f59ed1938b051903c.jpg","1","2019-10-05","2019-10-05","1"),
("36","LI01001","C Smirnoff Ice","3786","6000","6","5","d53f1133ec1e7ab5a138317944d70d68.png","96","2019-10-05","2019-10-05","1"),
("37","LI01002","C Aguila Normal ","1916","3500","6","5","27f74d583205c71338a02fe928fb6b7a.png","27","2019-10-05","2019-10-05","1"),
("38","LI01003","C Aguila Light","1916","3500","6","7","0e76aa545adb0ccbbeee8dd153f998d0.png","95","2019-10-05","2019-10-05","1"),
("39","LI01004","C Club Colombia ","2135","4000","6","7","b8e4783bfa64fd48dd841460bda34d2b.png","36","2019-10-05","2019-10-05","1"),
("40","LI01006","Trago Whiskey Buchanans","4742","8000","6","6","9fd160be8c694a53002b26554968ee25.png","24","2019-10-05","2019-10-05","1"),
("41","LI01009","Ron Medellin ","20900","28000","6","7","4998efe1e9df25cc1165eb917a7b74b9.png","3","2019-10-05","2019-10-05","1"),
("42","LI01016","Whiskey Buchanans","50972","80000","6","7","86a08a8df5d003fd2a8bf18090817492.png","6","2019-10-05","2019-10-05","1"),
("43","LI01025","Aguardiente Media","17100","24000","6","7","94e9cc75bb34085c0afb50f288319505.png","4","2019-10-05","2019-10-05","1"),
("44","LI01026","C Reeds","1789","3500","6","7","67259844f5459d03806a57a934578809.png","50","2019-10-05","2019-10-05","1"),
("45","LI01027","Cerveza Corona","3153","7000","6","7","3b128bdfef26671a58439048ac367c79.png","2","2019-10-05","2019-10-05","1"),
("46","ME003","Mani","1283","2000","7","8","28920add25ead46ad2a8ce96a1a75a71.png","4","2019-10-05","2019-10-05","1"),
("47","ME004","Mani Especial","1812","3000","7","8","img_deafult_product.jpg","2","2019-10-05","2019-10-05","1"),
("48","ME002","Natuchips","986","1800","7","8","aa786bd105d8a2ba98a3cbc023082e3c.png","29","2019-10-05","2019-10-05","1"),
("49","MEK004","Mekatos","1558","2500","7","8","cc378eae64b9522e139ba92f90b2b9b4.png","-2","2019-10-05","2019-10-05","1"),
("50","MEK006","Salchicha ","2100","3500","7","8","e441b67ebc09beadffce99d5ea8b6a56.png","47","2019-10-05","2019-10-05","1"),
("51","MEK007","Arequipito ","1050","2000","7","8","4da3aa64a1a58936b01614f84a92e066.png","2","2019-10-05","2019-10-05","1"),
("52","MEK008","Lecherita","1583","3000","7","8","e42deabe1b749aa6c815c7d143dce39b.png","20","2019-10-05","2019-10-05","1"),
("53","MEK009","Servicio hielo","1","1500","7","8","b80a4bedeb4cabbdb32cb727edc32da2.png","1459","2019-10-05","2019-10-05","1"),
("54","RE01001","Agua","1142","3000","8","7","2a5ae60c1fd0b16733063444ee80d555.png","195","2019-10-05","2019-10-05","1"),
("55","RE01002","Gatorade","2083","3500","8","7","c0d1ea6eff179891bdc4d7413a5efe50.png","126","2019-10-05","2019-10-05","1"),
("56","RE01003","Red Bull ","3805","8000","8","7","f724c6fe99daf20bb36cb9ccffdfb673.png","25","2019-10-05","2019-10-05","1"),
("57","RE01004","Coca cola","2193","3500","8","6","0d30d42643838d20aa80d4ad96dc7cbe.png","85","2019-10-05","2019-10-05","1"),
("58","RE01006","G Postobon","1084","2500","8","7","51714e417a97bde145046d04282b6551.png","59","2019-10-05","2019-10-05","1"),
("59","RE01010","Soda","1493","2800","8","7","055ad9d29cbe97cd70e836a49d5ddd3a.png","15","2019-10-05","2019-10-05","1"),
("60","RE010011","G Kola Roman ","1291","2500","8","8","e198ff16271d83383d90176139fdb9a5.png","19","2019-10-05","2019-10-05","1"),
("61","RE01012","Pony Malta ","1354","2800","8","7","ee5dbb7baa250d8785dc50f146681881.png","16","2019-10-05","2019-10-05","1"),
("62","RE01013","Jugos hit","1281","2500","8","7","695132121cac4c753ef42abeae1660ca.png","321","2019-10-05","2019-10-05","1"),
("63","RE01014","G Quatro","1291","2500","8","6","47e3d94664e5df4b4e5453140b4c488e.png","22","2019-10-05","2019-10-05","1"),
("64","RE1016","Mr tea","1140","2500","8","6","c6d4c9136975e9cebbd4f57b25eec9cf.png","93","2019-10-05","2019-10-05","1"),
("65","RE1017","Aloe Vera","2799","4500","8","6","48449cb1531c687df8d0d309a4a12a99.png","51","2019-10-05","2019-10-05","1"),
("66","RE1719","Peak","1050","2500","8","6","cc26d61afbb70fd2669c6f5b928fe3f0.png","5","2019-10-05","2019-10-05","1"),
("67","RE1018","Squash","1500","2500","8","6","cda5bf894c27153144f6b2e13291fbd3.png","4","2019-10-05","2019-10-05","1"),
("68","VR01000","Ducha Vaginal ","8270","13000","9","5","2b582eaf475d65eedb116312b62d4de2.png","2","2019-10-05","2019-10-05","1"),
("69","VR01001","Ovulos","1291","2500","9","5","img_deafult_product.jpg","27","2019-10-05","2019-10-05","1"),
("70","VR01002","Protectores","83","1000","9","5","c6e212d205a5756ee6315d4ae1c6f63f.png","1017","2019-10-05","2019-10-05","1"),
("71","VR01003","Toalla Higienica","293","1500","9","5","bc9ad18c3f2b443410a0e79d976e348f.png","56","2019-10-05","2019-10-05","1"),
("72","VR01004","Crema Dental ","1042","2000","9","10","57520e3691c5d0d4a12b83193ad6287e.png","17","2019-10-05","2019-10-05","1"),
("73","VR01005","Cepillo de Dientes ","1100","2500","9","8","aecf8e65ce434e60ae219279be000e3a.png","6","2019-10-05","2019-10-05","1"),
("74","VR01006","Prestobarba","1513","3000","9","11","75fe3bbb345d3cce6128032cf5c85cab.png","40","2019-10-05","2019-10-05","1"),
("75","VR01007","Shampoo-cram para peinar","426","1500","9","10","bfb1f60ed71b98eaa871b2d32ef109f0.png","115","2019-10-05","2019-10-05","1"),
("76","VR01009","Desodorante sobre","486","1500","9","10","e7c0f6445dbb59989eafcfb145a675b9.png","2","2019-10-05","2019-10-05","1"),
("77","VR01012","Jab칩n de ba침o","1400","3000","9","9","2c05f9186bf86c75130a685c41c6ec88.png","4","2019-10-05","2019-10-05","1");




CREATE TABLE `movimientos` (
  `id_movimiento` int(11) NOT NULL AUTO_INCREMENT,
  `id_usuario` int(11) NOT NULL,
  `mov_fecha` date NOT NULL,
  `mov_tipo` varchar(20) NOT NULL,
  `mov_observaciones` longtext NOT NULL,
  `mov_fecha_realizacion` date NOT NULL,
  `total` bigint(20) DEFAULT NULL,
  PRIMARY KEY (`id_movimiento`),
  KEY `id_usuario` (`id_usuario`),
  CONSTRAINT `movimientos_ibfk_1` FOREIGN KEY (`id_usuario`) REFERENCES `usuario` (`usu_id`) ON UPDATE CASCADE
) ENGINE=InnoDB DEFAULT CHARSET=latin1;






CREATE TABLE `detalle_movimiento` (
  `id_det_mov` int(11) NOT NULL AUTO_INCREMENT,
  `id_movimiento` int(11) NOT NULL,
  `id_producto` int(11) NOT NULL,
  `det_mov_cantidad` int(11) NOT NULL,
  `fecha` date NOT NULL,
  `det_mov_cantidad_actual` int(11) NOT NULL,
  `det_mov_cantidad_nueva` int(11) NOT NULL,
  PRIMARY KEY (`id_det_mov`),
  KEY `id_movimiento` (`id_movimiento`),
  KEY `id_producto` (`id_producto`),
  CONSTRAINT `detalle_movimiento_ibfk_1` FOREIGN KEY (`id_movimiento`) REFERENCES `movimientos` (`id_movimiento`) ON DELETE CASCADE ON UPDATE CASCADE,
  CONSTRAINT `detalle_movimiento_ibfk_2` FOREIGN KEY (`id_producto`) REFERENCES `producto` (`id_producto`) ON UPDATE CASCADE
) ENGINE=InnoDB DEFAULT CHARSET=latin1;






CREATE TABLE `reserva_activa` (
  `id_reserva` int(11) NOT NULL AUTO_INCREMENT,
  `hab_numero` int(11) NOT NULL,
  `id_usuario` int(11) NOT NULL,
  `promo_id` int(11) DEFAULT NULL,
  `ra_fecha_hora_ingreso` datetime NOT NULL DEFAULT current_timestamp(),
  `ra_inicio_tiempo_parcial` datetime DEFAULT NULL,
  `ra_fin_tiempo_parcial` datetime DEFAULT NULL,
  `ra_numero_personas_adicionales` int(11) NOT NULL,
  `ra_habitacion_decorada` int(1) NOT NULL,
  `ra_tipo_reserva_inicio` int(11) NOT NULL,
  `ra_tipo_cortesia` int(11) DEFAULT NULL,
  PRIMARY KEY (`id_reserva`),
  KEY `hab_numero` (`hab_numero`),
  KEY `id_usuario` (`id_usuario`),
  KEY `promo_id` (`promo_id`),
  CONSTRAINT `reserva_activa_ibfk_1` FOREIGN KEY (`id_usuario`) REFERENCES `usuario` (`usu_id`) ON UPDATE CASCADE,
  CONSTRAINT `reserva_activa_ibfk_2` FOREIGN KEY (`hab_numero`) REFERENCES `habitacion` (`hab_numero`) ON UPDATE CASCADE,
  CONSTRAINT `reserva_activa_ibfk_3` FOREIGN KEY (`promo_id`) REFERENCES `promocion` (`id_promocion`) ON UPDATE CASCADE
) ENGINE=InnoDB AUTO_INCREMENT=213 DEFAULT CHARSET=utf8mb4;






CREATE TABLE `reserva_activa_detalle` (
  `id_detalle` int(11) NOT NULL AUTO_INCREMENT,
  `id_reserva` int(11) NOT NULL,
  `re_det_id_producto` int(11) NOT NULL,
  `re_det_cantidad` bigint(20) NOT NULL,
  `re_precio_compra` bigint(20) NOT NULL,
  `re_det_valor_unidad` bigint(20) NOT NULL,
  `re_det_valor_total` bigint(20) NOT NULL,
  PRIMARY KEY (`id_detalle`),
  KEY `hab_numero` (`id_reserva`),
  CONSTRAINT `reserva_activa_detalle_ibfk_1` FOREIGN KEY (`id_reserva`) REFERENCES `reserva_activa` (`id_reserva`) ON DELETE CASCADE ON UPDATE CASCADE
) ENGINE=InnoDB AUTO_INCREMENT=23 DEFAULT CHARSET=utf8mb4;






CREATE TABLE `facturas` (
  `fac_consecutivo` int(11) NOT NULL,
  `id_reserva` int(11) NOT NULL,
  `hab_numero` int(11) NOT NULL,
  `id_usuario` int(11) NOT NULL,
  `promo_id` int(11) DEFAULT NULL,
  `fac_fecha_hora_ingreso` datetime NOT NULL,
  `fac_inicio_tiempo_parcial` varchar(70) DEFAULT NULL,
  `fac_fin_tiempo_parcial` varchar(70) DEFAULT NULL,
  `fac_numero_personas_adicionales` int(11) NOT NULL,
  `fac_habitacion_decorada` int(1) NOT NULL,
  `fac_hora_salida` datetime NOT NULL,
  `tipo_pago` varchar(20) NOT NULL,
  `tiempo_total` time NOT NULL,
  `valor_factura` bigint(20) NOT NULL,
  `tipo_reserva` int(11) NOT NULL,
  `fac_valor_efectivo` bigint(20) NOT NULL,
  `fac_valor_credito` bigint(20) NOT NULL,
  `fac_valor_transferencia` bigint(20) NOT NULL,
  PRIMARY KEY (`fac_consecutivo`),
  KEY `id_reserva` (`id_reserva`),
  KEY `hab_numero` (`hab_numero`),
  KEY `id_usuario` (`id_usuario`),
  KEY `promo_id` (`promo_id`),
  KEY `tipo_reserva` (`tipo_reserva`),
  CONSTRAINT `facturas_ibfk_1` FOREIGN KEY (`id_usuario`) REFERENCES `usuario` (`usu_id`) ON UPDATE CASCADE,
  CONSTRAINT `facturas_ibfk_2` FOREIGN KEY (`promo_id`) REFERENCES `promocion` (`id_promocion`) ON UPDATE CASCADE,
  CONSTRAINT `facturas_ibfk_3` FOREIGN KEY (`hab_numero`) REFERENCES `habitacion` (`hab_numero`) ON UPDATE CASCADE,
  CONSTRAINT `facturas_ibfk_4` FOREIGN KEY (`tipo_reserva`) REFERENCES `estado_reserva` (`sr_estado_reserva`) ON UPDATE CASCADE
) ENGINE=InnoDB DEFAULT CHARSET=utf8mb4;


INSERT INTO facturas VALUES
("1","2","1","2",NULL,"2019-10-05 14:26:38","2019-10-05 14:26:43","2019-10-05 14:27:02","0","0","2019-10-05 14:37:10","efectivo","00:09:41","20000","2","20000","0","0"),
("2","5","4","2",NULL,"2019-10-05 14:37:53","2019-10-05 14:42:50","2019-10-05 14:43:03","0","0","2019-10-05 14:46:19","efectivo","00:07:47","23000","2","23000","0","0"),
("3","4","3","2",NULL,"2019-10-05 14:37:36","2019-10-05 14:42:36","2019-10-05 14:42:46","0","0","2019-10-05 14:47:07","mixto","00:08:50","29000","2","10000","19000","0"),
("4","3","2","2",NULL,"2019-10-05 14:29:14","2019-10-05 14:42:07","2019-10-05 14:42:31","0","0","2019-10-05 14:47:38","efectivo","00:17:36","44000","2","44000","0","0"),
("64999","6","2","2","2","2019-10-05 14:49:06","2019-10-05 15:05:33","2019-10-05 15:05:46","0","0","2019-10-05 15:08:58","efectivo","00:18:47","27000","5","27000","0","0"),
("65000","7","3","2",NULL,"2019-10-05 14:59:33","2019-10-05 15:07:34","2019-10-05 15:07:50","0","0","2019-10-05 15:09:23","efectivo","00:08:44","23000","2","23000","0","0"),
("65001","8","2","2",NULL,"2019-10-05 15:11:26","2019-10-05 15:19:37","2019-10-05 15:19:50","1","0","2019-10-05 15:21:38","efectivo","00:09:47","23000","2","23000","0","0"),
("65002","9","3","2",NULL,"2019-10-05 15:15:31","2019-10-05 15:23:33","2019-10-05 15:23:44","0","0","2019-10-05 15:24:29","efectivo","00:07:49","20000","2","20000","0","0"),
("65003","10","1","1",NULL,"2019-10-05 15:29:17","2019-10-05 15:37:03",NULL,"0","0","2019-10-05 15:37:18","efectivo","00:07:00","20000","2","20000","0","0"),
("65004","11","2","1","2","2019-10-05 17:39:47","2019-10-06 14:05:48",NULL,"0","0","2019-10-06 14:06:32","efectivo","20:26:00","124000","5","124000","0","0"),
("65005","25","35","1",NULL,"2019-10-06 14:15:08","2019-10-06 14:29:51",NULL,"0","0","2019-10-06 14:32:50","credito","00:14:00","20000","2","0","20000","0"),
("65006","17","59","1","2","2019-10-06 14:10:24","2019-10-06 14:32:02",NULL,"0","0","2019-10-06 14:39:53","efectivo","00:21:00","24000","5","24000","0","0"),
("65007","28","42","1",NULL,"2019-10-06 14:18:02","2019-10-06 14:30:25",NULL,"0","0","2019-10-06 14:42:14","efectivo","00:12:00","20000","2","20000","0","0"),
("65008","16","22","1",NULL,"2019-10-06 14:10:06","2019-10-06 14:30:07",NULL,"0","0","2019-10-06 14:49:09","efectivo","00:20:00","20000","2","20000","0","0"),
("65009","38","48","1",NULL,"2019-10-06 14:28:41","2019-10-06 14:39:25",NULL,"0","0","2019-10-06 14:55:14","efectivo","00:10:00","20000","2","20000","0","0"),
("65010","26","37","1",NULL,"2019-10-06 14:15:58","2019-10-06 14:29:15",NULL,"0","0","2019-10-06 14:57:54","efectivo","00:13:00","20000","2","20000","0","0"),
("65011","49","13","1",NULL,"2019-10-06 14:44:17",NULL,NULL,"0","0","2019-10-06 14:59:33","efectivo","00:15:00","20000","2","20000","0","0"),
("65012","34","39","1",NULL,"2019-10-06 14:28:11","2019-10-06 14:58:47",NULL,"0","0","2019-10-06 15:01:15","efectivo","00:30:00","20000","2","20000","0","0"),
("65013","43","65","1",NULL,"2019-10-06 14:34:37","2019-10-06 15:00:42",NULL,"0","0","2019-10-06 15:07:02","efectivo","00:26:00","20000","2","20000","0","0"),
("65014","33","28","1",NULL,"2019-10-06 14:28:00","2019-10-06 15:06:08",NULL,"0","0","2019-10-06 15:08:15","efectivo","00:38:00","20000","2","20000","0","0"),
("65015","37","47","1",NULL,"2019-10-06 14:28:36","2019-10-06 15:09:52",NULL,"0","0","2019-10-06 15:14:38","efectivo","00:41:00","20000","2","20000","0","0"),
("65016","24","30","1",NULL,"2019-10-06 14:14:57","2019-10-06 15:13:13",NULL,"0","0","2019-10-06 15:16:53","efectivo","00:58:00","20000","2","20000","0","0"),
("65017","23","29","1",NULL,"2019-10-06 14:14:52","2019-10-06 15:12:48",NULL,"0","0","2019-10-06 15:18:48","efectivo","00:57:00","20000","2","20000","0","0"),
("65018","27","38","1",NULL,"2019-10-06 14:16:39","2019-10-06 15:09:28",NULL,"0","0","2019-10-06 15:19:16","efectivo","00:52:00","23500","2","23500","0","0"),
("65019","47","72","1",NULL,"2019-10-06 14:35:12","2019-10-06 15:13:02",NULL,"0","0","2019-10-06 15:19:41","efectivo","00:37:00","20000","2","20000","0","0"),
("65020","58","34","1",NULL,"2019-10-06 15:08:55","2019-10-06 15:22:53",NULL,"0","0","2019-10-06 15:23:12","efectivo","00:13:00","20000","2","20000","0","0"),
("65021","53","67","1",NULL,"2019-10-06 14:54:45",NULL,NULL,"0","0","2019-10-06 15:27:46","efectivo","00:33:00","20000","2","20000","0","0"),
("65022","60","36","1",NULL,"2019-10-06 15:09:06",NULL,NULL,"0","0","2019-10-06 15:28:06","efectivo","00:19:00","23500","2","23500","0","0"),
("65023","45","57","1",NULL,"2019-10-06 14:34:49",NULL,NULL,"0","0","2019-10-06 15:30:10","efectivo","00:55:00","20000","2","20000","0","0"),
("65024","20","25","1",NULL,"2019-10-06 14:14:05",NULL,NULL,"0","0","2019-10-06 15:35:57","efectivo","01:21:00","24000","2","24000","0","0"),
("65025","66","45","1",NULL,"2019-10-06 15:11:35",NULL,NULL,"0","0","2019-10-06 15:39:18","efectivo","00:27:00","20000","2","20000","0","0"),
("65026","57","33","1",NULL,"2019-10-06 15:08:51",NULL,NULL,"0","0","2019-10-06 15:41:10","efectivo","00:32:00","20000","2","20000","0","0"),
("65027","35","20","1",NULL,"2019-10-06 14:28:20",NULL,NULL,"0","0","2019-10-06 15:46:10","efectivo","01:17:00","24000","2","24000","0","0"),
("65028","30","21","1",NULL,"2019-10-06 14:27:00",NULL,NULL,"0","0","2019-10-06 15:46:25","efectivo","01:19:00","24000","2","24000","0","0"),
("65029","65","68","1",NULL,"2019-10-06 15:10:50",NULL,NULL,"0","0","2019-10-06 15:46:46","efectivo","00:35:00","20000","2","20000","0","0"),
("65030","68","65","1",NULL,"2019-10-06 15:15:11",NULL,NULL,"0","0","2019-10-06 15:47:01","efectivo","00:31:00","20000","2","20000","0","0"),
("65031","52","7","1","2","2019-10-06 14:54:33",NULL,NULL,"0","0","2019-10-06 15:49:37","efectivo","00:55:00","26500","5","26500","0","0"),
("65032","63","40","1",NULL,"2019-10-06 15:09:41",NULL,NULL,"0","0","2019-10-06 15:54:16","efectivo","00:44:00","20000","2","20000","0","0"),
("65033","42","58","1",NULL,"2019-10-06 14:34:27",NULL,NULL,"0","0","2019-10-06 15:55:17","efectivo","01:20:00","27500","2","27500","0","0"),
("65034","79","50","1",NULL,"2019-10-06 15:33:13",NULL,NULL,"1","0","2019-10-06 15:57:14","efectivo","00:24:00","20000","2","20000","0","0"),
("65035","70","30","1",NULL,"2019-10-06 15:17:06",NULL,NULL,"0","0","2019-10-06 15:57:52","efectivo","00:40:00","20000","2","20000","0","0"),
("65036","39","19","1",NULL,"2019-10-06 14:28:52",NULL,NULL,"0","0","2019-10-06 15:58:44","efectivo","01:29:00","24000","2","24000","0","0"),
("65037","73","29","1",NULL,"2019-10-06 15:26:55",NULL,NULL,"0","0","2019-10-06 16:00:23","efectivo","00:33:00","20000","2","20000","0","0"),
("65038","80","59","1",NULL,"2019-10-06 15:35:27",NULL,NULL,"0","0","2019-10-06 16:03:00","efectivo","00:27:00","20000","2","20000","0","0"),
("65039","19","23","1","2","2019-10-06 14:10:58",NULL,NULL,"0","0","2019-10-06 16:04:35","efectivo","01:53:00","24000","5","24000","0","0"),
("65040","22","31","1",NULL,"2019-10-06 14:14:37",NULL,NULL,"0","0","2019-10-06 16:04:49","efectivo","01:50:00","24000","2","24000","0","0"),
("65041","36","46","1",NULL,"2019-10-06 14:28:29",NULL,NULL,"0","0","2019-10-06 16:05:25","efectivo","01:36:00","27500","2","27500","0","0"),
("65042","67","28","1",NULL,"2019-10-06 15:11:40",NULL,NULL,"0","0","2019-10-06 16:12:10","efectivo","01:00:30","20000","2","20000","0","0"),
("65043","56","32","1",NULL,"2019-10-06 15:08:46",NULL,NULL,"0","0","2019-10-06 16:14:15","efectivo","01:05:00","20000","2","20000","0","0"),
("65044","74","34","1",NULL,"2019-10-06 15:27:01",NULL,NULL,"0","0","2019-10-06 16:14:50","efectivo","00:47:00","20000","2","20000","0","0"),
("65045","14","11","1",NULL,"2019-10-06 14:07:59","2019-10-06 16:02:37",NULL,"0","0","2019-10-06 16:18:44","efectivo","01:54:00","24000","2","24000","0","0"),
("65046","78","67","1",NULL,"2019-10-06 15:32:57",NULL,NULL,"0","0","2019-10-06 16:19:52","efectivo","00:46:00","20000","2","20000","0","0"),
("65047","18","60","1","2","2019-10-06 14:10:34",NULL,NULL,"0","0","2019-10-06 16:27:58","efectivo","02:17:00","24000","5","24000","0","0"),
("65048","96","40","1",NULL,"2019-10-06 16:25:33",NULL,NULL,"0","0","2019-10-06 16:37:35","efectivo","00:12:00","20000","2","20000","0","0"),
("65049","32","71","1","2","2019-10-06 14:27:52",NULL,NULL,"0","0","2019-10-06 16:38:11","efectivo","02:10:00","24000","5","24000","0","0"),
("65050","13","9","1","2","2019-10-06 14:07:47",NULL,NULL,"0","0","2019-10-06 16:41:01","efectivo","02:33:00","24000","5","24000","0","0"),
("65051","41","10","1","2","2019-10-06 14:33:23",NULL,NULL,"0","0","2019-10-06 16:41:12","efectivo","02:07:00","24000","5","24000","0","0"),
("65052","31","12","1","2","2019-10-06 14:27:41",NULL,NULL,"0","0","2019-10-06 16:41:33","efectivo","02:13:00","24000","5","24000","0","0"),
("65053","90","68","1",NULL,"2019-10-06 16:02:14",NULL,NULL,"0","0","2019-10-06 16:41:47","efectivo","00:39:00","20000","2","20000","0","0"),
("65054","82","33","1",NULL,"2019-10-06 15:41:27",NULL,NULL,"0","0","2019-10-06 16:44:26","efectivo","01:02:00","20000","2","20000","0","0"),
("65055","59","35","1",NULL,"2019-10-06 15:09:01",NULL,NULL,"0","0","2019-10-06 16:44:43","efectivo","01:35:00","24000","2","24000","0","0"),
("65056","89","65","1",NULL,"2019-10-06 16:02:08",NULL,NULL,"0","0","2019-10-06 16:45:24","efectivo","00:43:00","20000","2","20000","0","0"),
("65057","44","69","1",NULL,"2019-10-06 14:34:44",NULL,NULL,"0","0","2019-10-06 16:45:39","efectivo","02:10:00","24000","2","24000","0","0"),
("65058","50","49","1",NULL,"2019-10-06 14:45:05",NULL,NULL,"0","0","2019-10-06 16:47:17","efectivo","02:02:00","24000","2","24000","0","0"),
("65059","64","66","1",NULL,"2019-10-06 15:10:33",NULL,NULL,"0","0","2019-10-06 16:48:46","efectivo","01:38:00","24000","2","24000","0","0"),
("65060","83","25","1",NULL,"2019-10-06 15:46:32",NULL,NULL,"0","0","2019-10-06 16:49:16","efectivo","01:02:00","20000","2","20000","0","0"),
("65061","75","2","1","2","2019-10-06 15:29:09",NULL,NULL,"0","0","2019-10-06 16:50:37","efectivo","01:21:00","24000","5","24000","0","0"),
("65062","85","21","1",NULL,"2019-10-06 15:58:12",NULL,NULL,"0","0","2019-10-06 16:54:51","efectivo","00:56:00","20000","2","20000","0","0"),
("65063","86","22","1",NULL,"2019-10-06 15:58:56",NULL,NULL,"0","0","2019-10-06 16:55:00","efectivo","00:56:00","20000","2","20000","0","0"),
("65064","61","37","1",NULL,"2019-10-06 15:09:12",NULL,NULL,"0","0","2019-10-06 16:55:19","efectivo","01:46:00","24000","2","24000","0","0"),
("65065","95","38","1",NULL,"2019-10-06 16:25:29",NULL,NULL,"0","0","2019-10-06 16:55:33","efectivo","00:30:00","20000","2","20000","0","0"),
("65066","77","6","1","2","2019-10-06 15:31:33",NULL,NULL,"0","0","2019-10-06 16:56:39","efectivo","01:25:00","24000","5","24000","0","0"),
("65067","55","13","1",NULL,"2019-10-06 14:59:54",NULL,NULL,"0","0","2019-10-06 16:58:25","credito","01:58:00","31000","2","0","31000","0"),
("65068","15","14","1","2","2019-10-06 14:09:39",NULL,NULL,"0","0","2019-10-06 17:03:44","efectivo","02:54:00","26500","5","26500","0","0"),
("65069","69","5","1","2","2019-10-06 15:16:42",NULL,NULL,"0","0","2019-10-06 17:07:51","efectivo","01:51:00","27500","5","27500","0","0"),
("65070","91","29","1",NULL,"2019-10-06 16:09:57",NULL,NULL,"0","0","2019-10-06 17:08:18","efectivo","00:58:00","20000","2","20000","0","0"),
("65071","12","8","1","2","2019-10-06 14:07:38",NULL,NULL,"0","0","2019-10-06 17:08:55","efectivo","03:01:00","24000","5","24000","0","0"),
("65072","51","15","1",NULL,"2019-10-06 14:45:29",NULL,NULL,"0","0","2019-10-06 17:13:31","efectivo","02:28:00","32000","2","32000","0","0"),
("65073","98","28","1",NULL,"2019-10-06 16:25:52",NULL,NULL,"0","0","2019-10-06 17:16:46","efectivo","00:50:00","20000","2","20000","0","0"),
("65074","124","29","1",NULL,"2019-10-06 17:08:33",NULL,NULL,"0","0","2019-10-06 17:16:57","efectivo","00:08:00","20000","2","20000","0","0"),
("65075","99","23","1",NULL,"2019-10-06 16:26:08",NULL,NULL,"0","0","2019-10-06 17:24:49","efectivo","00:58:00","20000","2","20000","0","0"),
("65076","54","48","1",NULL,"2019-10-06 14:55:30",NULL,NULL,"0","0","2019-10-06 17:41:16","efectivo","02:45:00","32000","2","32000","0","0"),
("65077","117","49","1",NULL,"2019-10-06 17:04:30",NULL,NULL,"0","0","2019-10-06 17:41:44","efectivo","00:37:00","20000","2","20000","0","0"),
("65078","93","41","1",NULL,"2019-10-06 16:20:05",NULL,NULL,"0","0","2019-10-06 17:42:07","efectivo","01:22:00","24000","2","24000","0","0"),
("65079","97","42","1",NULL,"2019-10-06 16:25:38",NULL,NULL,"0","0","2019-10-06 17:42:38","efectivo","01:17:00","24000","2","24000","0","0"),
("65080","92","31","1",NULL,"2019-10-06 16:19:57",NULL,NULL,"0","0","2019-10-06 17:42:52","efectivo","01:22:00","24000","2","24000","0","0"),
("65081","48","63","1","2","2019-10-06 14:41:47",NULL,NULL,"0","0","2019-10-06 17:43:38","efectivo","03:01:00","24000","5","24000","0","0"),
("65082","46","70","1",NULL,"2019-10-06 14:35:07",NULL,NULL,"0","0","2019-10-06 17:46:07","efectivo","03:11:00","32000","2","32000","0","0"),
("65083","128","68","1",NULL,"2019-10-06 17:16:26",NULL,NULL,"0","0","2019-10-06 17:50:47","efectivo","00:34:00","23500","2","23500","0","0"),
("65084","88","20","1",NULL,"2019-10-06 16:00:13",NULL,NULL,"0","0","2019-10-06 17:51:31","efectivo","01:51:00","24000","2","24000","0","0"),
("65085","127","15","1",NULL,"2019-10-06 17:14:00",NULL,NULL,"0","0","2019-10-06 17:54:54","efectivo","00:40:00","20000","2","20000","0","0"),
("65086","141","10","1",NULL,"2019-10-06 17:56:23",NULL,NULL,"0","0","2019-10-06 17:57:05","efectivo","00:00:42","0","2","0","0","0"),
("65087","72","4","1","2","2019-10-06 15:26:27",NULL,NULL,"0","0","2019-10-06 17:59:51","efectivo","02:33:00","27000","5","27000","0","0"),
("65088","76","3","1","2","2019-10-06 15:29:15","2019-10-06 18:00:33",NULL,"0","0","2019-10-06 18:01:30","efectivo","02:31:00","24000","5","24000","0","0"),
("65089","105","17","1","2","2019-10-06 16:42:00",NULL,NULL,"0","0","2019-10-06 18:02:21","efectivo","01:20:00","27000","5","27000","0","0"),
("65090","116","40","1",NULL,"2019-10-06 17:02:14",NULL,NULL,"0","0","2019-10-06 18:02:55","efectivo","01:00:41","20000","2","20000","0","0"),
("65091","103","1","1","2","2019-10-06 16:36:41",NULL,NULL,"0","0","2019-10-06 18:05:02","efectivo","01:28:00","24000","5","24000","0","0"),
("65092","87","19","1",NULL,"2019-10-06 16:00:10",NULL,NULL,"0","0","2019-10-06 18:12:11","efectivo","02:12:00","24000","2","24000","0","0"),
("65093","29","56","1",NULL,"2019-10-06 14:18:37",NULL,NULL,"0","0","2019-10-06 18:12:32","efectivo","03:53:00","40500","2","40500","0","0"),
("65094","84","57","1",NULL,"2019-10-06 15:48:22",NULL,NULL,"0","0","2019-10-06 18:12:51","efectivo","02:24:00","35500","2","35500","0","0");
INSERT INTO facturas VALUES
("65095","123","66","1",NULL,"2019-10-06 17:08:26",NULL,NULL,"0","0","2019-10-06 18:13:12","efectivo","01:04:00","20000","2","20000","0","0"),
("65096","104","71","1",NULL,"2019-10-06 16:38:23",NULL,NULL,"0","0","2019-10-06 18:13:48","efectivo","01:35:00","24000","2","24000","0","0"),
("65097","113","9","1",NULL,"2019-10-06 16:57:32",NULL,NULL,"0","0","2019-10-06 18:14:12","efectivo","01:16:00","27000","2","27000","0","0"),
("65098","109","33","1",NULL,"2019-10-06 16:49:23",NULL,NULL,"0","0","2019-10-06 18:14:45","efectivo","01:25:00","27000","2","27000","0","0"),
("65099","115","35","1",NULL,"2019-10-06 17:01:12",NULL,NULL,"0","0","2019-10-06 18:17:20","efectivo","01:16:00","24000","2","24000","0","0"),
("65100","114","65","1",NULL,"2019-10-06 16:57:57",NULL,NULL,"0","0","2019-10-06 18:20:32","efectivo","01:22:00","24000","2","24000","0","0"),
("65101","139","55","1","2","2019-10-06 17:52:10",NULL,NULL,"0","0","2019-10-06 18:25:32","efectivo","00:33:00","24000","5","24000","0","0"),
("65102","94","7","1","2","2019-10-06 16:24:51",NULL,NULL,"0","0","2019-10-06 18:27:05","efectivo","02:02:00","24000","5","24000","0","0"),
("65103","40","43","1",NULL,"2019-10-06 14:30:35",NULL,NULL,"0","0","2019-10-06 18:27:33","efectivo","03:56:00","41500","2","41500","0","0"),
("65104","134","67","1",NULL,"2019-10-06 17:43:05",NULL,NULL,"0","0","2019-10-06 18:27:51","efectivo","00:44:00","20000","2","20000","0","0"),
("65105","129","30","1",NULL,"2019-10-06 17:17:11",NULL,NULL,"0","0","2019-10-06 18:30:35","efectivo","01:13:00","20000","2","20000","0","0"),
("65106","81","36","1",NULL,"2019-10-06 15:37:02",NULL,NULL,"0","0","2019-10-06 18:32:19","efectivo","02:55:00","32000","2","32000","0","0"),
("65107","71","47","1",NULL,"2019-10-06 15:20:41",NULL,NULL,"0","0","2019-10-06 18:33:02","efectivo","03:12:00","32000","2","32000","0","0"),
("65108","110","52","1",NULL,"2019-10-06 16:54:21",NULL,NULL,"0","0","2019-10-06 18:41:29","efectivo","01:47:00","24000","2","24000","0","0"),
("65109","62","39","1",NULL,"2019-10-06 15:09:20",NULL,NULL,"0","0","2019-10-06 18:49:38","efectivo","03:40:00","41500","2","41500","0","0"),
("65110","159","65","1",NULL,"2019-10-06 18:32:47",NULL,NULL,"0","0","2019-10-06 18:51:52","efectivo","00:19:00","20000","2","20000","0","0"),
("65111","100","61","1",NULL,"2019-10-06 16:26:50",NULL,NULL,"0","0","2019-10-06 18:52:35","efectivo","02:25:00","32000","2","32000","0","0"),
("65112","102","62","1",NULL,"2019-10-06 16:31:40",NULL,NULL,"0","0","2019-10-06 18:52:48","efectivo","02:21:00","32000","2","32000","0","0"),
("65113","169","39","1",NULL,"2019-10-06 18:52:12",NULL,NULL,"0","0","2019-10-06 18:53:49","efectivo","00:01:00","0","2","0","0","0"),
("65114","149","42","1",NULL,"2019-10-06 18:19:57",NULL,NULL,"0","0","2019-10-06 18:54:18","efectivo","00:34:00","20000","2","20000","0","0"),
("65115","146","35","1",NULL,"2019-10-06 18:17:29",NULL,NULL,"0","0","2019-10-06 18:56:02","efectivo","00:38:00","20000","2","20000","0","0"),
("65116","120","38","1",NULL,"2019-10-06 17:06:12",NULL,NULL,"0","0","2019-10-06 18:58:52","efectivo","01:52:00","24000","2","24000","0","0"),
("65117","108","69","1",NULL,"2019-10-06 16:48:58",NULL,NULL,"0","0","2019-10-06 19:00:26","efectivo","02:11:00","24000","2","24000","0","0"),
("65118","112","58","1",NULL,"2019-10-06 16:56:29",NULL,NULL,"0","0","2019-10-06 19:03:03","efectivo","02:06:00","24000","2","24000","0","0"),
("65119","118","32","1",NULL,"2019-10-06 17:05:31",NULL,NULL,"0","0","2019-10-06 19:03:15","efectivo","01:57:00","24000","2","24000","0","0"),
("65120","137","12","1","2","2019-10-06 17:50:56",NULL,NULL,"0","0","2019-10-06 19:11:51","efectivo","01:20:00","24000","5","24000","0","0"),
("65121","133","29","1",NULL,"2019-10-06 17:24:25",NULL,NULL,"0","0","2019-10-06 19:14:09","efectivo","01:49:00","24000","2","24000","0","0"),
("65122","106","16","1","2","2019-10-06 16:44:02",NULL,NULL,"0","0","2019-10-06 19:14:35","efectivo","02:30:00","24000","5","24000","0","0"),
("65123","156","22","1",NULL,"2019-10-06 18:26:52","2019-10-06 19:07:30",NULL,"0","0","2019-10-06 19:15:18","efectivo","00:40:00","20000","2","20000","0","0"),
("65124","145","19","1",NULL,"2019-10-06 18:15:25",NULL,NULL,"0","0","2019-10-06 19:15:59","efectivo","01:00:34","20000","2","20000","0","0"),
("65125","121","13","1",NULL,"2019-10-06 17:07:38","2019-10-06 18:40:12","2019-10-06 18:41:11","0","0","2019-10-06 19:17:03","efectivo","02:08:01","24000","2","24000","0","0"),
("65126","164","67","1",NULL,"2019-10-06 18:42:25",NULL,NULL,"0","0","2019-10-06 19:17:51","efectivo","00:35:00","20000","2","20000","0","0"),
("65127","130","51","1","2","2019-10-06 17:23:27",NULL,NULL,"0","0","2019-10-06 19:18:14","efectivo","01:54:00","24000","5","24000","0","0"),
("65128","142","68","1",NULL,"2019-10-06 18:02:39","2019-10-06 19:04:02",NULL,"0","0","2019-10-06 19:18:29","efectivo","01:01:00","20000","2","20000","0","0"),
("65129","144","76","1","2","2019-10-06 18:03:41",NULL,NULL,"0","0","2019-10-06 19:20:47","efectivo","01:17:00","24000","5","24000","0","0"),
("65130","125","21","1",NULL,"2019-10-06 17:10:06",NULL,NULL,"0","0","2019-10-06 19:24:45","efectivo","02:14:00","25800","2","25800","0","0"),
("65131","107","64","1","2","2019-10-06 16:46:22",NULL,NULL,"0","0","2019-10-06 19:25:09","efectivo","02:38:00","24000","5","24000","0","0"),
("65132","178","72","1",NULL,"2019-10-06 19:16:37",NULL,NULL,"0","0","2019-10-06 19:27:34","credito","00:10:00","23000","2","0","23000","0"),
("65133","143","75","1","2","2019-10-06 18:03:31",NULL,NULL,"0","0","2019-10-06 19:37:54","efectivo","01:34:00","24000","5","24000","0","0"),
("65134","135","6","1","2","2019-10-06 17:45:01",NULL,NULL,"0","0","2019-10-06 19:52:08","efectivo","02:07:00","24000","5","24000","0","0"),
("65135","172","61","1",NULL,"2019-10-06 19:02:38",NULL,NULL,"0","0","2019-10-06 19:53:04","efectivo","00:50:00","23500","2","23500","0","0"),
("65136","119","37","1",NULL,"2019-10-06 17:06:07",NULL,NULL,"0","0","2019-10-06 19:54:01","efectivo","02:47:00","35000","2","35000","0","0"),
("65137","122","5","1","2","2019-10-06 17:08:05",NULL,NULL,"0","0","2019-10-06 19:54:37","efectivo","02:46:00","24000","5","24000","0","0"),
("65138","176","12","1","2","2019-10-06 19:12:05",NULL,NULL,"0","0","2019-10-06 19:55:22","efectivo","00:43:00","24000","5","24000","0","0"),
("65139","140","28","1",NULL,"2019-10-06 17:52:59",NULL,NULL,"0","0","2019-10-06 19:58:19","efectivo","02:05:00","27500","2","27500","0","0"),
("65140","21","26","1",NULL,"2019-10-06 14:14:13",NULL,NULL,"0","0","2019-10-06 20:19:22","efectivo","06:05:00","54000","2","54000","0","0"),
("65141","157","30","1",NULL,"2019-10-06 18:30:43",NULL,NULL,"0","0","2019-10-06 20:19:40","efectivo","01:48:00","24000","2","24000","0","0"),
("65142","168","65","1",NULL,"2019-10-06 18:52:03",NULL,NULL,"0","0","2019-10-06 20:20:15","efectivo","01:28:00","24000","2","24000","0","0"),
("65143","153","23","1",NULL,"2019-10-06 18:24:02","2019-10-06 19:06:05","2019-10-06 19:08:46","0","0","2019-10-06 20:21:36","efectivo","01:54:19","24000","2","24000","0","0"),
("65144","174","56","1",NULL,"2019-10-06 19:03:36",NULL,NULL,"0","0","2019-10-06 20:22:19","efectivo","01:18:00","24000","2","24000","0","0"),
("65145","151","74","1","2","2019-10-06 18:23:12",NULL,NULL,"0","0","2019-10-06 20:22:46","efectivo","01:59:00","24000","5","24000","0","0"),
("65146","187","57","1",NULL,"2019-10-06 19:34:16",NULL,NULL,"0","0","2019-10-06 20:23:09","efectivo","00:48:00","20000","2","20000","0","0"),
("65147","165","1","1","2","2019-10-06 18:42:34",NULL,NULL,"0","0","2019-10-06 20:23:33","efectivo","01:40:00","24000","5","24000","0","0"),
("65148","136","2","1","2","2019-10-06 17:45:05",NULL,NULL,"0","0","2019-10-06 20:28:26","efectivo","02:43:00","24000","5","24000","0","0"),
("65149","147","33","1",NULL,"2019-10-06 18:18:42",NULL,NULL,"0","0","2019-10-06 20:34:09","efectivo","02:15:00","24000","2","24000","0","0"),
("65150","185","32","1",NULL,"2019-10-06 19:32:16",NULL,NULL,"0","0","2019-10-06 20:34:45","efectivo","01:02:00","20000","2","20000","0","0"),
("65151","138","49","1",NULL,"2019-10-06 17:51:04",NULL,NULL,"0","0","2019-10-06 20:35:02","efectivo","02:43:00","35500","2","35500","0","0"),
("65152","132","11","1","2","2019-10-06 17:24:21",NULL,NULL,"0","0","2019-10-06 20:35:37","efectivo","03:11:00","24000","5","24000","0","0"),
("65153","183","31","1",NULL,"2019-10-06 19:20:35",NULL,NULL,"0","0","2019-10-06 20:36:58","efectivo","01:16:00","24000","2","24000","0","0"),
("65154","131","8","1","2","2019-10-06 17:24:16",NULL,NULL,"0","0","2019-10-06 20:37:30","efectivo","03:13:00","24000","5","24000","0","0"),
("65155","150","70","1",NULL,"2019-10-06 18:22:43",NULL,NULL,"0","0","2019-10-06 20:38:56","efectivo","02:16:00","35500","2","35500","0","0"),
("65156","162","52","1","2","2019-10-06 18:42:03",NULL,NULL,"0","0","2019-10-06 20:39:22","efectivo","01:57:00","24000","5","24000","0","0"),
("65157","154","3","1","2","2019-10-06 18:24:13",NULL,NULL,"0","0","2019-10-06 20:39:38","efectivo","02:15:00","24000","5","24000","0","0"),
("65158","155","4","1",NULL,"2019-10-06 18:26:37",NULL,NULL,"0","0","2019-10-06 20:39:53","efectivo","02:13:00","24000","2","24000","0","0"),
("65159","175","41","1",NULL,"2019-10-06 19:11:29",NULL,NULL,"0","0","2019-10-06 20:40:33","efectivo","01:29:00","24000","2","24000","0","0"),
("65160","190","39","1",NULL,"2019-10-06 19:51:27",NULL,NULL,"0","0","2019-10-06 20:40:47","efectivo","00:49:00","20000","2","20000","0","0"),
("65161","111","54","1",NULL,"2019-10-06 16:55:42",NULL,NULL,"0","0","2019-10-06 20:43:19","efectivo","03:47:00","38000","2","38000","0","0"),
("65162","195","5","1","2","2019-10-06 19:54:49",NULL,NULL,"0","0","2019-10-06 20:50:37","efectivo","00:55:00","24000","5","24000","0","0"),
("65163","179","29","1",NULL,"2019-10-06 19:16:46",NULL,NULL,"0","0","2019-10-06 20:51:15","efectivo","01:34:00","24000","2","24000","0","0"),
("65164","189","46","1",NULL,"2019-10-06 19:39:49",NULL,NULL,"0","0","2019-10-06 21:02:50","efectivo","01:23:00","24000","2","24000","0","0"),
("65165","184","21","1",NULL,"2019-10-06 19:25:54",NULL,NULL,"0","0","2019-10-06 21:03:06","efectivo","01:37:00","24000","2","24000","0","0"),
("65166","516","60","2","2","2019-10-25 19:04:52",NULL,NULL,"0","0","2019-11-06 16:33:03","efectivo","285:28:00","5427500","5","5427500","0","0"),
("65229","255","60","1",NULL,"2019-10-23 22:25:45",NULL,NULL,"0","0","2019-10-24 00:02:05","credito","01:36:00","24000","2","0","24000","0"),
("65314","358","72","1",NULL,"2019-10-24 18:36:51",NULL,NULL,"0","0","2019-10-24 19:41:14","credito","01:04:00","20000","2","0","20000","0"),
("65404","435","47","1",NULL,"2019-10-25 16:04:10",NULL,NULL,"0","0","2019-10-25 17:25:31","credito","01:21:00","24000","2","0","24000","0"),
("65473","477","41","1",NULL,"2019-10-25 17:36:34",NULL,NULL,"0","0","2019-10-25 20:18:14","credito","02:41:00","32000","2","0","32000","0"),
("65481","543","24","1",NULL,"2019-10-25 20:00:56",NULL,NULL,"0","0","2019-10-25 20:31:41","credito","00:30:00","20000","2","0","20000","0"),
("65498","523","20","1",NULL,"2019-10-25 19:26:46",NULL,NULL,"0","0","2019-10-25 21:35:12","credito","02:08:00","28000","2","0","28000","0"),
("65501","536","51","2","2","2019-10-25 19:50:51",NULL,NULL,"0","0","2019-11-06 16:24:41","efectivo","284:33:00","5404000","5","5404000","0","0"),
("65511","1","1","1",NULL,"2019-11-14 10:41:54",NULL,NULL,"0","0","2019-11-14 10:49:34","efectivo","00:07:00","20000","2","20000","0","0"),
("65512","7","20","1",NULL,"2019-11-14 13:59:09","2019-11-14 14:24:25",NULL,"0","0","2019-11-14 14:26:33","efectivo","00:25:00","20000","2","20000","0","0"),
("65513","17","66","1",NULL,"2019-11-14 14:16:24","2019-11-14 14:35:39",NULL,"0","0","2019-11-14 14:39:38","efectivo","00:19:00","20000","2","20000","0","0"),
("65514","11","42","1",NULL,"2019-11-14 14:08:19","2019-11-14 14:36:51",NULL,"0","0","2019-11-14 14:41:38","efectivo","00:28:00","20000","2","20000","0","0"),
("65515","8","38","1",NULL,"2019-11-14 14:03:58","2019-11-14 14:47:28",NULL,"0","0","2019-11-14 14:51:43","efectivo","00:43:00","20000","2","20000","0","0"),
("65516","20","49","1",NULL,"2019-11-14 14:21:27",NULL,NULL,"0","0","2019-11-14 14:55:13","efectivo","00:33:00","20000","2","20000","0","0"),
("65517","25","28","1",NULL,"2019-11-14 14:25:42","2019-11-14 15:01:16",NULL,"0","0","2019-11-14 15:09:54","efectivo","00:35:00","20000","2","20000","0","0"),
("65518","31","11","1",NULL,"2019-11-14 14:38:07","2019-11-14 15:05:51",NULL,"0","0","2019-11-14 15:10:18","efectivo","00:27:00","20000","2","20000","0","0"),
("65519","29","10","1",NULL,"2019-11-14 14:31:06","2019-11-14 15:06:09",NULL,"0","0","2019-11-14 15:10:30","efectivo","00:35:00","20000","2","20000","0","0"),
("65520","16","31","1",NULL,"2019-11-14 14:16:00","2019-11-14 15:09:37",NULL,"0","0","2019-11-14 15:13:48","efectivo","00:53:00","20000","2","20000","0","0"),
("65521","27","48","1",NULL,"2019-11-14 14:29:12","2019-11-14 15:13:54",NULL,"0","0","2019-11-14 15:15:50","efectivo","00:44:00","20000","2","20000","0","0"),
("65522","37","42","1",NULL,"2019-11-14 14:53:29","2019-11-14 15:17:13",NULL,"0","0","2019-11-14 15:21:18","efectivo","00:23:00","20000","2","20000","0","0"),
("65523","30","69","1",NULL,"2019-11-14 14:36:38","2019-11-14 15:24:28",NULL,"0","0","2019-11-14 15:25:20","efectivo","00:47:00","23000","2","23000","0","0"),
("65524","22","65","1",NULL,"2019-11-14 14:24:18","2019-11-14 15:33:42",NULL,"0","0","2019-11-14 15:51:49","efectivo","01:09:00","23500","2","23500","0","0"),
("65525","56","34","1",NULL,"2019-11-14 15:19:46","2019-11-14 15:47:50",NULL,"0","0","2019-11-14 15:52:16","efectivo","00:28:00","20000","2","20000","0","0"),
("65526","55","40","1",NULL,"2019-11-14 15:17:03","2019-11-14 15:40:32",NULL,"0","0","2019-11-14 15:52:26","efectivo","00:23:00","20000","2","20000","0","0"),
("65527","59","39","1",NULL,"2019-11-14 15:26:56","2019-11-14 15:52:01",NULL,"0","0","2019-11-14 15:52:34","efectivo","00:25:00","20000","2","20000","0","0"),
("65528","24","45","1",NULL,"2019-11-14 14:25:18","2019-11-14 15:22:36",NULL,"0","0","2019-11-14 15:52:43","efectivo","00:57:00","22500","2","22500","0","0"),
("65529","6","67","1",NULL,"2019-11-14 13:53:47","2019-11-14 15:33:54",NULL,"0","0","2019-11-14 15:52:55","efectivo","01:40:00","24000","2","24000","0","0"),
("65530","51","5","1","2","2019-11-14 15:10:50",NULL,NULL,"0","0","2019-11-14 15:53:04","efectivo","00:42:00","24000","5","24000","0","0"),
("65531","21","9","1","2","2019-11-14 14:23:12",NULL,NULL,"0","0","2019-11-14 15:56:50","efectivo","01:33:00","24000","5","24000","0","0");
INSERT INTO facturas VALUES
("65532","36","7","1",NULL,"2019-11-14 14:50:29","2019-11-14 15:42:24",NULL,"0","0","2019-11-14 16:03:46","efectivo","00:51:00","20000","2","20000","0","0"),
("65533","26","20","1",NULL,"2019-11-14 14:26:43","2019-11-14 15:54:15",NULL,"0","0","2019-11-14 16:03:56","efectivo","01:27:00","24000","2","24000","0","0"),
("65534","62","31","1",NULL,"2019-11-14 15:34:13","2019-11-14 15:56:06",NULL,"0","0","2019-11-14 16:04:03","efectivo","00:21:00","20000","2","20000","0","0"),
("65535","39","68","1",NULL,"2019-11-14 14:56:47",NULL,NULL,"0","0","2019-11-14 16:06:21","efectivo","01:09:00","20000","2","20000","0","0"),
("65536","63","30","1",NULL,"2019-11-14 15:35:42","2019-11-14 16:15:52",NULL,"0","0","2019-11-14 16:16:01","efectivo","00:40:00","22500","2","22500","0","0"),
("65537","58","56","1",NULL,"2019-11-14 15:22:46","2019-11-14 16:15:44",NULL,"0","0","2019-11-14 16:16:12","efectivo","00:52:00","20000","2","20000","0","0"),
("65538","23","26","1",NULL,"2019-11-14 14:25:09","2019-11-14 16:14:07",NULL,"0","0","2019-11-14 16:16:36","efectivo","01:48:00","24000","2","24000","0","0"),
("65539","69","28","1",NULL,"2019-11-14 15:50:42","2019-11-14 16:13:58",NULL,"0","0","2019-11-14 16:16:51","efectivo","00:23:00","20000","2","20000","0","0"),
("65540","52","72","1",NULL,"2019-11-14 15:13:37","2019-11-14 16:13:06",NULL,"0","0","2019-11-14 16:17:09","efectivo","00:59:00","20000","2","20000","0","0"),
("65541","43","66","1",NULL,"2019-11-14 15:01:10",NULL,NULL,"0","0","2019-11-14 16:19:43","efectivo","01:18:00","24000","2","24000","0","0"),
("65542","64","25","1",NULL,"2019-11-14 15:38:43","2019-11-14 16:23:06",NULL,"0","0","2019-11-14 16:29:13","efectivo","00:44:00","20000","2","20000","0","0"),
("65543","41","8","1","2","2019-11-14 15:00:46",NULL,NULL,"0","0","2019-11-14 16:29:24","efectivo","01:28:00","24000","5","24000","0","0"),
("65544","88","18","1","2","2019-11-14 16:29:03",NULL,NULL,"0","0","2019-11-14 16:29:37","efectivo","00:00:34","0","5","0","0","0"),
("65545","35","12","1","2","2019-11-14 14:43:32",NULL,NULL,"0","0","2019-11-14 16:29:59","efectivo","01:46:00","24000","5","24000","0","0"),
("65546","74","34","1",NULL,"2019-11-14 15:57:54",NULL,NULL,"0","0","2019-11-14 16:33:51","efectivo","00:35:00","23500","2","23500","0","0"),
("65547","45","21","1",NULL,"2019-11-14 15:04:09",NULL,NULL,"0","0","2019-11-14 16:37:02","efectivo","01:32:00","24000","2","24000","0","0"),
("65548","53","4","1","2","2019-11-14 15:16:22",NULL,NULL,"0","0","2019-11-14 16:38:37","efectivo","01:22:00","37500","5","37500","0","0"),
("65549","38","23","1",NULL,"2019-11-14 14:55:55",NULL,NULL,"0","0","2019-11-14 16:39:13","efectivo","01:43:00","24000","2","24000","0","0"),
("65550","75","45","1",NULL,"2019-11-14 16:04:10","2019-11-14 16:43:31",NULL,"0","0","2019-11-14 16:46:43","efectivo","00:39:00","20000","2","20000","0","0"),
("65551","80","20","1",NULL,"2019-11-14 16:07:28",NULL,NULL,"0","0","2019-11-14 16:50:59","efectivo","00:43:00","20000","2","20000","0","0"),
("65552","65","48","1",NULL,"2019-11-14 15:44:26",NULL,NULL,"0","0","2019-11-14 16:57:10","efectivo","01:12:00","20000","2","20000","0","0"),
("65553","73","65","1",NULL,"2019-11-14 15:57:47","2019-11-14 16:49:43",NULL,"0","0","2019-11-14 16:58:05","efectivo","00:51:00","20000","2","20000","0","0"),
("65554","91","13","1",NULL,"2019-11-14 16:30:17",NULL,NULL,"0","0","2019-11-14 17:02:58","efectivo","00:32:00","20000","2","20000","0","0"),
("65555","92","26","1",NULL,"2019-11-14 16:31:01","2019-11-14 16:58:58",NULL,"0","0","2019-11-14 17:03:50","efectivo","00:27:00","20000","2","20000","0","0"),
("65556","50","47","1",NULL,"2019-11-14 15:07:18",NULL,NULL,"0","0","2019-11-14 17:03:57","efectivo","01:56:00","24000","2","24000","0","0"),
("65557","18","50","1",NULL,"2019-11-14 14:16:30",NULL,NULL,"0","0","2019-11-14 17:05:26","efectivo","02:48:00","32000","2","32000","0","0"),
("65558","79","39","1",NULL,"2019-11-14 16:07:22",NULL,NULL,"0","0","2019-11-14 17:05:51","efectivo","00:58:00","20000","2","20000","0","0"),
("65559","10","59","1","2","2019-11-14 14:05:44",NULL,NULL,"0","0","2019-11-14 17:06:09","efectivo","03:00:25","24000","5","24000","0","0"),
("65560","47","46","1",NULL,"2019-11-14 15:06:05",NULL,NULL,"0","0","2019-11-14 17:06:17","efectivo","02:00:12","35000","2","35000","0","0"),
("65561","48","70","1",NULL,"2019-11-14 15:07:07",NULL,NULL,"0","0","2019-11-14 17:07:07","efectivo","02:00:00","24000","2","24000","0","0"),
("65562","54","32","1",NULL,"2019-11-14 15:16:47",NULL,NULL,"0","0","2019-11-14 17:09:57","efectivo","01:53:00","27000","2","27000","0","0"),
("65563","77","68","1",NULL,"2019-11-14 16:06:28","2019-11-14 16:58:22",NULL,"0","0","2019-11-14 17:10:11","efectivo","00:51:00","20000","2","20000","0","0"),
("65564","40","22","1",NULL,"2019-11-14 14:59:43","2019-11-14 17:04:59",NULL,"0","0","2019-11-14 17:10:31","efectivo","02:05:00","24000","2","24000","0","0"),
("65565","76","31","1",NULL,"2019-11-14 16:05:32",NULL,NULL,"0","0","2019-11-14 17:13:08","efectivo","01:07:00","20000","2","20000","0","0"),
("65566","46","6","1",NULL,"2019-11-14 15:05:26",NULL,NULL,"0","0","2019-11-14 17:14:19","efectivo","02:08:00","24000","2","24000","0","0"),
("65567","13","51","1","2","2019-11-14 14:13:37",NULL,NULL,"0","0","2019-11-14 17:15:00","efectivo","03:01:00","24000","5","24000","0","0"),
("65568","14","55","1","2","2019-11-14 14:14:48",NULL,NULL,"0","0","2019-11-14 17:15:09","efectivo","03:00:21","24000","5","24000","0","0"),
("65569","100","3","1",NULL,"2019-11-14 16:39:06",NULL,NULL,"0","0","2019-11-14 17:15:31","efectivo","00:36:00","20000","2","20000","0","0"),
("65570","84","56","1",NULL,"2019-11-14 16:16:18",NULL,NULL,"0","0","2019-11-14 17:16:11","efectivo","00:59:00","20000","2","20000","0","0"),
("65571","70","69","1",NULL,"2019-11-14 15:51:19",NULL,NULL,"0","0","2019-11-14 17:20:37","efectivo","01:29:00","24000","2","24000","0","0"),
("65572","96","16","1",NULL,"2019-11-14 16:34:27",NULL,NULL,"0","0","2019-11-14 17:25:44","efectivo","00:51:00","23500","2","23500","0","0"),
("65573","97","66","1",NULL,"2019-11-14 16:37:16",NULL,NULL,"0","0","2019-11-14 17:26:08","efectivo","00:48:00","23500","2","23500","0","0"),
("65574","33","58","1",NULL,"2019-11-14 14:41:46",NULL,NULL,"0","0","2019-11-14 17:30:40","efectivo","02:48:00","38000","2","38000","0","0"),
("65575","102","2","1",NULL,"2019-11-14 16:43:12",NULL,NULL,"0","0","2019-11-14 17:32:02","efectivo","00:48:00","22500","2","22500","0","0"),
("65576","66","42","1",NULL,"2019-11-14 15:44:30",NULL,NULL,"0","0","2019-11-14 17:32:51","efectivo","01:48:00","24000","2","24000","0","0"),
("65577","103","27","1",NULL,"2019-11-14 16:46:24",NULL,NULL,"0","0","2019-11-14 17:38:06","efectivo","00:51:00","23000","2","23000","0","0"),
("65578","71","67","1",NULL,"2019-11-14 15:53:11",NULL,NULL,"0","0","2019-11-14 17:39:18","efectivo","01:46:00","24000","2","24000","0","0"),
("65579","49","71","1",NULL,"2019-11-14 15:07:14",NULL,NULL,"0","0","2019-11-14 17:39:35","efectivo","02:32:00","32000","2","32000","0","0"),
("65580","78","37","1",NULL,"2019-11-14 16:07:17",NULL,NULL,"0","0","2019-11-14 17:40:01","efectivo","01:32:00","24000","2","24000","0","0"),
("65581","12","60","1","2","2019-11-14 14:11:21",NULL,NULL,"0","0","2019-11-14 17:42:44","efectivo","03:31:00","24000","5","24000","0","0"),
("65582","34","14","1","2","2019-11-14 14:42:53",NULL,NULL,"0","0","2019-11-14 17:45:04","efectivo","03:02:00","27000","5","27000","0","0"),
("65583","42","38","1",NULL,"2019-11-14 15:00:52",NULL,NULL,"0","0","2019-11-14 17:45:14","efectivo","02:44:00","32000","2","32000","0","0"),
("65584","67","36","1",NULL,"2019-11-14 15:47:45",NULL,NULL,"0","0","2019-11-14 17:45:38","efectivo","01:57:00","24000","2","24000","0","0"),
("65585","122","34","1",NULL,"2019-11-14 17:26:43",NULL,NULL,"0","0","2019-11-14 17:48:07","efectivo","00:21:00","20000","2","20000","0","0"),
("65586","110","46","1",NULL,"2019-11-14 17:06:24",NULL,NULL,"0","0","2019-11-14 17:48:15","efectivo","00:41:00","20000","2","20000","0","0"),
("65587","121","26","1",NULL,"2019-11-14 17:26:29",NULL,NULL,"0","0","2019-11-14 17:48:51","efectivo","00:22:00","20000","2","20000","0","0"),
("65588","114","31","1",NULL,"2019-11-14 17:13:14",NULL,NULL,"0","0","2019-11-14 17:53:27","efectivo","00:40:00","20000","2","20000","0","0"),
("65589","83","30","1",NULL,"2019-11-14 16:16:05","2019-11-14 16:47:02","2019-11-14 16:48:27","0","0","2019-11-14 17:55:41","efectivo","01:37:35","24000","2","24000","0","0"),
("65590","120","22","1",NULL,"2019-11-14 17:26:25",NULL,NULL,"0","0","2019-11-14 18:00:35","efectivo","00:34:00","20000","2","20000","0","0"),
("65591","104","23","1",NULL,"2019-11-14 16:48:51",NULL,NULL,"0","0","2019-11-14 18:00:42","efectivo","01:11:00","20000","2","20000","0","0"),
("65592","108","43","1",NULL,"2019-11-14 16:57:49",NULL,NULL,"0","0","2019-11-14 18:07:02","efectivo","01:09:00","20000","2","20000","0","0"),
("65593","95","44","1",NULL,"2019-11-14 16:33:26",NULL,NULL,"0","0","2019-11-14 18:14:02","efectivo","01:40:00","24000","2","24000","0","0"),
("65594","87","11","1","2","2019-11-14 16:28:56",NULL,NULL,"0","0","2019-11-14 18:14:09","efectivo","01:45:00","24000","5","24000","0","0"),
("65595","125","8","1",NULL,"2019-11-14 17:31:03",NULL,NULL,"0","0","2019-11-14 18:15:48","efectivo","00:44:00","20000","2","20000","0","0"),
("65596","109","20","1",NULL,"2019-11-14 17:05:07",NULL,NULL,"0","0","2019-11-14 18:16:51","efectivo","01:11:00","20000","2","20000","0","0"),
("65597","99","29","1",NULL,"2019-11-14 16:38:57",NULL,NULL,"0","0","2019-11-14 18:41:02","efectivo","02:02:00","24000","2","24000","0","0"),
("65598","93","25","1",NULL,"2019-11-14 16:31:05",NULL,NULL,"0","0","2019-11-14 18:41:52","efectivo","02:10:00","24000","2","24000","0","0"),
("65599","129","27","1",NULL,"2019-11-14 17:38:13",NULL,NULL,"0","0","2019-11-14 18:42:03","efectivo","01:03:00","20000","2","20000","0","0"),
("65600","140","46","1",NULL,"2019-11-14 18:04:53",NULL,NULL,"0","0","2019-11-14 18:42:51","efectivo","00:37:00","20000","2","20000","0","0"),
("65601","61","19","1",NULL,"2019-11-14 15:29:44",NULL,NULL,"0","0","2019-11-14 18:43:13","efectivo","03:13:00","32000","2","32000","0","0"),
("65602","89","18","1","2","2019-11-14 16:29:54",NULL,NULL,"0","0","2019-11-14 18:43:27","efectivo","02:13:00","24000","5","24000","0","0"),
("65603","115","39","1",NULL,"2019-11-14 17:18:05",NULL,NULL,"0","0","2019-11-14 18:44:34","efectivo","01:26:00","24000","2","24000","0","0"),
("65604","130","42","1",NULL,"2019-11-14 17:38:44",NULL,NULL,"0","0","2019-11-14 18:45:20","efectivo","01:06:00","22800","2","22800","0","0"),
("65605","72","40","1",NULL,"2019-11-14 15:54:01",NULL,NULL,"0","0","2019-11-14 18:45:49","efectivo","02:51:00","32000","2","32000","0","0"),
("65606","116","65","1",NULL,"2019-11-14 17:18:16",NULL,NULL,"0","0","2019-11-14 18:48:25","efectivo","01:30:00","24000","2","24000","0","0"),
("65607","107","21","1",NULL,"2019-11-14 16:55:11",NULL,NULL,"0","0","2019-11-14 18:48:43","efectivo","01:53:00","24000","2","24000","0","0"),
("65608","118","69","1",NULL,"2019-11-14 17:24:32",NULL,NULL,"0","0","2019-11-14 18:50:12","efectivo","01:25:00","24000","2","24000","0","0"),
("65609","137","31","1",NULL,"2019-11-14 18:03:28",NULL,NULL,"0","0","2019-11-14 18:51:05","efectivo","00:47:00","20000","2","20000","0","0"),
("65610","81","64","1","2","2019-11-14 16:12:07",NULL,NULL,"0","0","2019-11-14 18:52:03","efectivo","02:39:00","24000","5","24000","0","0"),
("65611","126","55","1",NULL,"2019-11-14 17:31:38",NULL,NULL,"0","0","2019-11-14 18:52:56","efectivo","01:21:00","24000","2","24000","0","0"),
("65612","113","57","1",NULL,"2019-11-14 17:10:24",NULL,NULL,"0","0","2019-11-14 18:57:09","efectivo","01:46:00","24000","2","24000","0","0"),
("65613","134","63","1","2","2019-11-14 17:52:54",NULL,NULL,"0","0","2019-11-14 18:57:22","efectivo","01:04:00","24000","5","24000","0","0"),
("65614","57","15","1","2","2019-11-14 15:21:27",NULL,NULL,"0","0","2019-11-14 18:59:50","efectivo","03:38:00","24000","5","24000","0","0"),
("65615","68","10","1","2","2019-11-14 15:50:38",NULL,NULL,"0","0","2019-11-14 19:00:10","efectivo","03:09:00","25800","5","25800","0","0"),
("65616","90","28","1",NULL,"2019-11-14 16:30:12",NULL,NULL,"0","0","2019-11-14 19:02:52","efectivo","02:32:00","32000","2","32000","0","0"),
("65617","101","33","1",NULL,"2019-11-14 16:42:22",NULL,NULL,"0","0","2019-11-14 19:03:14","efectivo","02:20:00","32000","2","32000","0","0"),
("65618","132","59","1",NULL,"2019-11-14 17:39:51",NULL,NULL,"0","0","2019-11-14 19:04:19","efectivo","01:24:00","24000","2","24000","0","0"),
("65619","112","68","1",NULL,"2019-11-14 17:10:17",NULL,NULL,"0","0","2019-11-14 19:05:12","efectivo","01:54:00","27500","2","27500","0","0"),
("65620","85","7","1","2","2019-11-14 16:16:27",NULL,NULL,"0","0","2019-11-14 19:08:38","efectivo","02:52:00","27000","5","27000","0","0"),
("65621","86","9","1","2","2019-11-14 16:28:51",NULL,NULL,"0","0","2019-11-14 19:08:48","efectivo","02:39:00","24000","5","24000","0","0"),
("65622","135","36","1",NULL,"2019-11-14 17:53:01",NULL,NULL,"0","0","2019-11-14 19:16:56","efectivo","01:23:00","27500","2","27500","0","0"),
("65623","124","12","1","2","2019-11-14 17:30:58",NULL,NULL,"0","0","2019-11-14 19:17:40","efectivo","01:46:00","34500","5","34500","0","0"),
("65624","119","47","1",NULL,"2019-11-14 17:25:30",NULL,NULL,"0","0","2019-11-14 19:18:19","efectivo","01:52:00","24000","2","24000","0","0"),
("65625","60","49","1",NULL,"2019-11-14 15:29:22",NULL,NULL,"0","0","2019-11-14 19:20:00","efectivo","03:50:00","41500","2","41500","0","0"),
("65626","146","26","1",NULL,"2019-11-14 18:48:13",NULL,NULL,"0","0","2019-11-14 19:22:37","efectivo","00:34:00","20000","2","20000","0","0"),
("65627","98","5","1","2","2019-11-14 16:37:44",NULL,NULL,"0","0","2019-11-14 19:23:49","efectivo","02:46:00","24000","5","24000","0","0"),
("65628","106","1","1","2","2019-11-14 16:52:05",NULL,NULL,"0","0","2019-11-14 19:23:55","efectivo","02:31:00","24000","5","24000","0","0"),
("65629","94","17","1","2","2019-11-14 16:31:24",NULL,NULL,"0","0","2019-11-14 19:24:04","efectivo","02:52:00","24000","5","24000","0","0"),
("65630","123","56","1",NULL,"2019-11-14 17:27:43",NULL,NULL,"0","0","2019-11-14 19:28:54","efectivo","02:01:00","30000","2","30000","0","0"),
("65631","154","42","1",NULL,"2019-11-14 18:57:30",NULL,NULL,"0","0","2019-11-14 19:31:23","efectivo","00:33:00","20000","2","20000","0","0");
INSERT INTO facturas VALUES
("65632","111","70","1",NULL,"2019-11-14 17:07:27",NULL,NULL,"0","0","2019-11-14 19:40:01","efectivo","02:32:00","35500","2","35500","0","0"),
("65633","131","71","1","2","2019-11-14 17:39:45",NULL,NULL,"0","0","2019-11-14 19:40:14","efectivo","02:00:29","24000","5","24000","0","0"),
("65634","133","72","1",NULL,"2019-11-14 17:48:36",NULL,NULL,"0","0","2019-11-14 19:40:34","efectivo","01:51:00","24000","2","24000","0","0"),
("65635","156","20","1",NULL,"2019-11-14 18:59:55",NULL,NULL,"0","0","2019-11-14 19:41:03","efectivo","00:41:00","20000","2","20000","0","0"),
("65636","136","37","1",NULL,"2019-11-14 17:55:34",NULL,NULL,"0","0","2019-11-14 19:43:06","efectivo","01:47:00","24000","2","24000","0","0"),
("65637","143","22","1",NULL,"2019-11-14 18:15:27",NULL,NULL,"0","0","2019-11-14 19:51:16","efectivo","01:35:00","24000","2","24000","0","0"),
("65638","139","58","1",NULL,"2019-11-14 18:03:57",NULL,NULL,"0","0","2019-11-14 19:53:53","efectivo","01:49:00","32300","2","32300","0","0"),
("65639","151","69","1",NULL,"2019-11-14 18:50:23",NULL,NULL,"0","0","2019-11-14 19:54:15","efectivo","01:03:00","20000","2","20000","0","0"),
("65640","177","6","1","2","2019-11-14 19:45:15",NULL,NULL,"0","0","2019-11-14 19:58:27","efectivo","00:13:00","36500","5","36500","0","0"),
("65641","128","66","1",NULL,"2019-11-14 17:37:54",NULL,NULL,"0","0","2019-11-14 20:09:56","efectivo","02:32:00","32000","2","32000","0","0"),
("65642","168","68","1",NULL,"2019-11-14 19:22:13",NULL,NULL,"0","0","2019-11-14 20:13:01","efectivo","00:50:00","20000","2","20000","0","0"),
("65643","181","22","1",NULL,"2019-11-14 20:03:07",NULL,NULL,"0","0","2019-11-14 20:13:18","efectivo","00:10:00","20000","2","20000","0","0"),
("65644","167","13","1",NULL,"2019-11-14 19:21:30",NULL,NULL,"0","0","2019-11-14 20:28:54","efectivo","01:07:00","20000","2","20000","0","0"),
("65645","172","56","1",NULL,"2019-11-14 19:29:02",NULL,NULL,"0","0","2019-11-14 20:29:11","efectivo","01:00:09","20000","2","20000","0","0"),
("65646","117","48","1",NULL,"2019-11-14 17:18:29",NULL,NULL,"0","0","2019-11-14 20:32:03","efectivo","03:13:00","32000","2","32000","0","0"),
("65647","147","65","1",NULL,"2019-11-14 18:48:34",NULL,NULL,"0","0","2019-11-14 20:34:59","efectivo","01:46:00","24000","2","24000","0","0"),
("65648","144","27","1",NULL,"2019-11-14 18:42:16",NULL,NULL,"0","0","2019-11-14 20:35:13","efectivo","01:52:00","24000","2","24000","0","0"),
("65649","176","42","1",NULL,"2019-11-14 19:40:44",NULL,NULL,"0","0","2019-11-14 20:35:57","efectivo","00:55:00","20000","2","20000","0","0"),
("65650","170","36","1",NULL,"2019-11-14 19:25:33",NULL,NULL,"0","0","2019-11-14 20:36:37","efectivo","01:11:00","20000","2","20000","0","0"),
("65651","141","3","1","2","2019-11-14 18:09:53",NULL,NULL,"0","0","2019-11-14 20:37:51","efectivo","02:27:00","27000","5","27000","0","0"),
("65652","138","60","1","2","2019-11-14 18:03:39",NULL,NULL,"0","0","2019-11-14 20:38:05","efectivo","02:34:00","24000","5","24000","0","0"),
("65653","145","40","1",NULL,"2019-11-14 18:47:47",NULL,NULL,"0","0","2019-11-14 20:43:52","efectivo","01:56:00","24000","2","24000","0","0"),
("65654","189","66","1",NULL,"2019-11-14 20:10:04",NULL,NULL,"0","0","2019-11-14 20:45:31","efectivo","00:35:00","20000","2","20000","0","0"),
("65655","162","12","1",NULL,"2019-11-14 19:17:45",NULL,NULL,"0","0","2019-11-14 20:45:51","efectivo","01:28:00","24000","2","24000","0","0"),
("65656","142","52","1","2","2019-11-14 18:12:27",NULL,NULL,"0","0","2019-11-14 20:46:10","efectivo","02:33:00","24000","5","24000","0","0"),
("65657","148","21","1",NULL,"2019-11-14 18:49:06",NULL,NULL,"0","0","2019-11-14 20:46:25","efectivo","01:57:00","24000","2","24000","0","0"),
("65658","183","25","1",NULL,"2019-11-14 20:03:14",NULL,NULL,"0","0","2019-11-14 20:46:34","efectivo","00:43:00","20000","2","20000","0","0"),
("65659","155","46","1",NULL,"2019-11-14 18:59:41",NULL,NULL,"0","0","2019-11-14 20:46:41","efectivo","01:47:00","24000","2","24000","0","0"),
("65660","182","23","1",NULL,"2019-11-14 20:03:11",NULL,NULL,"0","0","2019-11-14 20:50:21","efectivo","00:47:00","20000","2","20000","0","0"),
("65661","187","39","1",NULL,"2019-11-14 20:03:45",NULL,NULL,"0","0","2019-11-14 20:50:40","efectivo","00:46:00","20000","2","20000","0","0"),
("65662","127","50","1",NULL,"2019-11-14 17:36:15",NULL,NULL,"0","0","2019-11-14 20:51:11","efectivo","03:14:00","34500","2","34500","0","0"),
("65663","169","57","1",NULL,"2019-11-14 19:25:02",NULL,NULL,"0","0","2019-11-14 20:51:20","efectivo","01:26:00","24000","2","24000","0","0"),
("65664","150","8","1","2","2019-11-14 18:49:50",NULL,NULL,"0","0","2019-11-14 20:51:52","efectivo","02:02:00","24000","5","24000","0","0"),
("65665","175","71","1",NULL,"2019-11-14 19:40:25",NULL,NULL,"0","0","2019-11-14 20:52:24","efectivo","01:11:00","20000","2","20000","0","0"),
("65666","174","70","1",NULL,"2019-11-14 19:40:20",NULL,NULL,"0","0","2019-11-14 20:52:32","efectivo","01:12:00","20000","2","20000","0","0"),
("65667","180","37","1",NULL,"2019-11-14 20:02:50",NULL,NULL,"0","0","2019-11-14 20:53:02","efectivo","00:50:00","20000","2","20000","0","0"),
("65668","188","49","1",NULL,"2019-11-14 20:04:35",NULL,NULL,"0","0","2019-11-14 21:01:57","efectivo","00:57:00","20000","2","20000","0","0"),
("65669","171","30","1",NULL,"2019-11-14 19:27:11",NULL,NULL,"0","0","2019-11-14 21:03:01","efectivo","01:35:00","24000","2","24000","0","0"),
("65670","157","10","1","2","2019-11-14 19:03:24",NULL,NULL,"0","0","2019-11-14 21:08:58","efectivo","02:05:00","24000","5","24000","0","0"),
("65671","158","11","1","2","2019-11-14 19:03:47",NULL,NULL,"0","0","2019-11-14 21:09:05","efectivo","02:05:00","24000","5","24000","0","0"),
("65672","152","64","1","2","2019-11-14 18:52:25",NULL,NULL,"0","0","2019-11-14 21:09:26","efectivo","02:17:00","24000","5","24000","0","0"),
("65673","191","67","1",NULL,"2019-11-14 20:13:13",NULL,NULL,"0","0","2019-11-14 21:18:13","efectivo","01:05:00","20000","2","20000","0","0"),
("65674","199","13","1",NULL,"2019-11-14 20:39:52",NULL,NULL,"0","0","2019-11-14 21:18:33","efectivo","00:38:00","20000","2","20000","0","0"),
("65675","163","14","1",NULL,"2019-11-14 19:17:48",NULL,NULL,"0","0","2019-11-14 21:18:44","efectivo","02:00:56","24000","2","24000","0","0"),
("65676","173","15","1","2","2019-11-14 19:32:42",NULL,NULL,"0","0","2019-11-14 21:21:18","efectivo","01:48:00","24000","5","24000","0","0"),
("65677","179","72","1",NULL,"2019-11-14 19:58:38",NULL,NULL,"0","0","2019-11-14 21:21:49","efectivo","01:23:00","24000","2","24000","0","0"),
("65678","197","47","1",NULL,"2019-11-14 20:37:38",NULL,NULL,"0","0","2019-11-14 21:23:12","efectivo","00:45:00","20000","2","20000","0","0"),
("65679","190","68","1",NULL,"2019-11-14 20:13:07",NULL,NULL,"0","0","2019-11-14 21:23:43","efectivo","01:10:00","20000","2","20000","0","0"),
("65680","164","38","1",NULL,"2019-11-14 19:20:18",NULL,NULL,"0","0","2019-11-14 21:24:06","efectivo","02:03:00","27000","2","27000","0","0"),
("65681","184","26","1",NULL,"2019-11-14 20:03:18",NULL,NULL,"0","0","2019-11-14 21:26:13","efectivo","01:22:00","24000","2","24000","0","0"),
("65682","198","6","1",NULL,"2019-11-14 20:37:42",NULL,NULL,"0","0","2019-11-14 21:27:22","efectivo","00:49:00","20000","2","20000","0","0"),
("65683","185","32","1",NULL,"2019-11-14 20:03:32",NULL,NULL,"0","0","2019-11-14 21:28:09","efectivo","01:24:00","24000","2","24000","0","0"),
("65684","204","36","1",NULL,"2019-11-14 20:48:25",NULL,NULL,"0","0","2019-11-14 21:29:32","efectivo","00:41:00","20000","2","20000","0","0"),
("65685","206","40","1",NULL,"2019-11-14 20:52:43",NULL,NULL,"0","0","2019-11-14 21:31:39","efectivo","00:38:00","20000","2","20000","0","0"),
("65686","195","65","1",NULL,"2019-11-14 20:35:05",NULL,NULL,"0","0","2019-11-14 21:36:37","efectivo","01:01:00","20000","2","20000","0","0"),
("65687","218","1","1","4","2019-11-14 21:30:37",NULL,NULL,"0","0","2019-11-14 21:41:48","efectivo","00:11:00","76000","5","76000","0","0"),
("65688","219","2","1","3","2019-11-14 21:30:43",NULL,NULL,"0","0","2019-11-14 21:41:54","efectivo","00:11:00","54000","5","54000","0","0"),
("65689","220","3","1","4","2019-11-14 21:30:59",NULL,NULL,"0","0","2019-11-14 21:42:00","efectivo","00:11:00","76000","5","76000","0","0"),
("65690","215","5","1","2","2019-11-14 21:25:49",NULL,NULL,"0","0","2019-11-14 21:51:04","efectivo","00:25:00","25500","5","25500","0","0"),
("65691","194","7","1","2","2019-11-14 20:33:36",NULL,NULL,"0","0","2019-11-14 21:51:12","efectivo","01:17:00","24000","5","24000","0","0"),
("65692","211","8","1","2","2019-11-14 21:22:24",NULL,NULL,"0","0","2019-11-14 21:51:17","efectivo","00:28:00","24000","5","24000","0","0"),
("65693","196","9","1","2","2019-11-14 20:36:55",NULL,NULL,"0","0","2019-11-14 21:51:24","efectivo","01:14:00","24000","5","24000","0","0"),
("65694","201","12","1","2","2019-11-14 20:45:59",NULL,NULL,"0","0","2019-11-14 21:51:30","efectivo","01:05:00","24000","5","24000","0","0"),
("65695","160","19","1",NULL,"2019-11-14 19:07:45",NULL,NULL,"0","0","2019-11-14 21:51:36","efectivo","02:43:00","39000","2","39000","0","0"),
("65696","178","20","1",NULL,"2019-11-14 19:46:40",NULL,NULL,"0","0","2019-11-14 21:51:42","efectivo","02:05:00","24000","2","24000","0","0"),
("65697","209","21","1",NULL,"2019-11-14 21:04:59",NULL,NULL,"0","0","2019-11-14 21:51:48","efectivo","00:46:00","20000","2","20000","0","0"),
("65698","19","24","1",NULL,"2019-11-14 14:20:19",NULL,NULL,"0","1","2019-11-14 21:51:53","efectivo","07:31:00","60500","2","60500","0","0"),
("65699","203","27","1",NULL,"2019-11-14 20:47:07",NULL,NULL,"0","0","2019-11-14 21:52:08","efectivo","01:05:00","20000","2","20000","0","0"),
("65700","161","28","1",NULL,"2019-11-14 19:17:04",NULL,NULL,"0","0","2019-11-14 21:52:16","efectivo","02:35:00","32000","2","32000","0","0"),
("65701","153","29","1",NULL,"2019-11-14 18:52:33",NULL,NULL,"0","0","2019-11-14 21:52:31","efectivo","02:59:00","32000","2","32000","0","0"),
("65702","212","30","1",NULL,"2019-11-14 21:22:28",NULL,NULL,"0","0","2019-11-14 21:52:38","efectivo","00:30:00","20000","2","20000","0","0"),
("65703","159","31","1",NULL,"2019-11-14 19:07:11",NULL,NULL,"0","0","2019-11-14 21:52:46","efectivo","02:45:00","35500","2","35500","0","0"),
("65704","216","32","1",NULL,"2019-11-14 21:28:19",NULL,NULL,"0","0","2019-11-14 21:52:53","efectivo","00:24:00","20000","2","20000","0","0"),
("65705","186","33","1",NULL,"2019-11-14 20:03:37",NULL,NULL,"0","0","2019-11-14 21:53:02","efectivo","01:49:00","24000","2","24000","0","0"),
("65706","200","34","1",NULL,"2019-11-14 20:43:44",NULL,NULL,"0","0","2019-11-14 21:53:09","efectivo","01:09:00","20000","2","20000","0","0"),
("65707","222","38","1",NULL,"2019-11-14 21:36:03",NULL,NULL,"0","0","2019-11-14 21:53:16","efectivo","00:17:00","20000","2","20000","0","0"),
("65708","208","39","1",NULL,"2019-11-14 21:02:21",NULL,NULL,"0","0","2019-11-14 21:53:24","efectivo","00:51:00","20000","2","20000","0","0"),
("65709","165","44","1",NULL,"2019-11-14 19:20:50",NULL,NULL,"0","0","2019-11-14 21:53:31","efectivo","02:32:00","32000","2","32000","0","0"),
("65710","166","45","1",NULL,"2019-11-14 19:20:55",NULL,NULL,"0","0","2019-11-14 21:53:38","efectivo","02:32:00","32000","2","32000","0","0"),
("65711","202","46","1",NULL,"2019-11-14 20:46:51",NULL,NULL,"0","0","2019-11-14 21:53:46","efectivo","01:06:00","20000","2","20000","0","0"),
("65712","223","49","1",NULL,"2019-11-14 21:42:11",NULL,NULL,"0","0","2019-11-14 21:54:39","efectivo","00:12:00","20000","2","20000","0","0"),
("65713","221","56","1",NULL,"2019-11-14 21:32:07",NULL,NULL,"0","0","2019-11-14 21:54:47","efectivo","00:22:00","20000","2","20000","0","0"),
("65714","210","57","1",NULL,"2019-11-14 21:17:55",NULL,NULL,"0","0","2019-11-14 21:54:56","efectivo","00:37:00","20000","2","20000","0","0"),
("65715","192","58","1",NULL,"2019-11-14 20:13:25",NULL,NULL,"0","0","2019-11-14 21:55:04","efectivo","01:41:00","24000","2","24000","0","0"),
("65716","207","66","1",NULL,"2019-11-14 21:02:12",NULL,NULL,"0","0","2019-11-14 21:55:13","efectivo","00:53:00","20000","2","20000","0","0"),
("65717","193","69","1",NULL,"2019-11-14 20:14:46",NULL,NULL,"0","0","2019-11-14 21:55:24","efectivo","01:40:00","24000","2","24000","0","0"),
("65718","205","71","1",NULL,"2019-11-14 20:52:38",NULL,NULL,"0","0","2019-11-14 21:55:31","efectivo","01:02:00","20000","2","20000","0","0"),
("65719","2","25","1",NULL,"2019-11-15 14:01:42",NULL,NULL,"0","0","2019-11-15 14:36:39","efectivo","00:34:00","20000","2","20000","0","0"),
("65720","7","69","1",NULL,"2019-11-15 14:14:43","2019-11-15 14:41:14",NULL,"0","0","2019-11-15 14:50:59","efectivo","00:26:00","20000","2","20000","0","0"),
("65721","1","13","1",NULL,"2019-11-15 13:59:37","2019-11-15 14:37:37",NULL,"0","0","2019-11-15 14:52:01","efectivo","00:38:00","20000","2","20000","0","0"),
("65722","4","23","1",NULL,"2019-11-15 14:13:02","2019-11-15 14:41:27",NULL,"0","0","2019-11-15 14:52:07","efectivo","00:28:00","20000","2","20000","0","0"),
("65723","9","33","1",NULL,"2019-11-15 14:18:05",NULL,NULL,"0","0","2019-11-15 14:52:29","efectivo","00:34:00","0","2","0","0","0"),
("65724","12","56","1",NULL,"2019-11-15 14:21:58","2019-11-15 14:40:44",NULL,"0","0","2019-11-15 14:52:57","efectivo","00:18:00","20000","2","20000","0","0"),
("65725","11","44","1",NULL,"2019-11-15 14:20:37",NULL,NULL,"0","0","2019-11-15 15:08:21","efectivo","00:47:00","20000","2","20000","0","0"),
("65726","8","39","1",NULL,"2019-11-15 14:17:00",NULL,NULL,"0","0","2019-11-15 15:13:26","efectivo","00:56:00","20000","2","20000","0","0"),
("65727","6","67","1",NULL,"2019-11-15 14:14:38",NULL,NULL,"0","0","2019-11-15 15:15:17","efectivo","01:00:39","20000","2","20000","0","0"),
("65728","34","21","1",NULL,"2019-11-15 14:59:52",NULL,NULL,"0","0","2019-11-15 15:18:37","efectivo","00:18:00","20000","2","20000","0","0"),
("65729","14","57","1",NULL,"2019-11-15 14:29:37",NULL,NULL,"0","0","2019-11-15 15:27:22","efectivo","00:57:00","0","2","0","0","0"),
("65730","15","19","1",NULL,"2019-11-15 14:29:41",NULL,NULL,"0","0","2019-11-15 15:29:00","efectivo","00:59:00","20000","2","20000","0","0"),
("65731","27","28","1",NULL,"2019-11-15 14:52:40",NULL,NULL,"0","0","2019-11-15 15:29:34","efectivo","00:36:00","20000","2","20000","0","0");
INSERT INTO facturas VALUES
("65732","31","13","1",NULL,"2019-11-15 14:57:03",NULL,NULL,"0","0","2019-11-15 15:30:22","efectivo","00:33:00","20000","2","20000","0","0"),
("65733","37","41","1",NULL,"2019-11-15 15:07:20",NULL,NULL,"0","0","2019-11-15 15:38:54","efectivo","00:31:00","20000","2","20000","0","0"),
("65734","5","65","1",NULL,"2019-11-15 14:14:32",NULL,NULL,"0","0","2019-11-15 15:45:03","efectivo","01:30:00","24000","2","24000","0","0"),
("65735","18","66","1",NULL,"2019-11-15 14:35:31",NULL,NULL,"0","0","2019-11-15 15:45:58","efectivo","01:10:00","20000","2","20000","0","0"),
("65736","35","63","1","2","2019-11-15 15:01:05",NULL,NULL,"0","0","2019-11-15 15:46:18","efectivo","00:45:00","24000","5","24000","0","0"),
("65737","24","38","1",NULL,"2019-11-15 14:50:31",NULL,NULL,"0","0","2019-11-15 15:46:43","efectivo","00:56:00","22500","2","22500","0","0"),
("65738","50","69","1",NULL,"2019-11-15 15:35:51",NULL,NULL,"0","0","2019-11-15 15:50:55","efectivo","00:15:00","20000","2","20000","0","0"),
("65739","3","46","1",NULL,"2019-11-15 14:11:45",NULL,NULL,"0","0","2019-11-15 15:52:21","efectivo","01:40:00","24000","2","24000","0","0"),
("65740","21","34","1",NULL,"2019-11-15 14:46:28",NULL,NULL,"0","0","2019-11-15 16:02:11","efectivo","01:15:00","23000","2","23000","0","0"),
("65741","46","42","1",NULL,"2019-11-15 15:30:15",NULL,NULL,"0","0","2019-11-15 16:06:17","efectivo","00:36:00","20000","2","20000","0","0"),
("65742","39","24","1",NULL,"2019-11-15 15:10:21","2019-11-15 15:57:43",NULL,"0","0","2019-11-15 16:09:58","efectivo","00:47:00","26500","2","26500","0","0"),
("65743","41","70","1","2","2019-11-15 15:13:56",NULL,NULL,"0","0","2019-11-15 16:10:24","efectivo","00:56:00","24000","5","24000","0","0"),
("65744","29","25","1",NULL,"2019-11-15 14:53:20",NULL,NULL,"0","0","2019-11-15 16:10:39","efectivo","01:17:00","24000","2","24000","0","0"),
("65745","36","30","1",NULL,"2019-11-15 15:07:11",NULL,NULL,"0","0","2019-11-15 16:10:49","efectivo","01:03:00","20000","2","20000","0","0"),
("65746","42","21","1",NULL,"2019-11-15 15:18:44","2019-11-15 16:07:04",NULL,"0","0","2019-11-15 16:15:27","efectivo","00:48:00","20000","2","20000","0","0"),
("65747","19","72","1",NULL,"2019-11-15 14:36:02","2019-11-15 16:06:46",NULL,"0","0","2019-11-15 16:15:37","efectivo","01:30:00","24000","2","24000","0","0"),
("65748","23","47","1",NULL,"2019-11-15 14:48:20",NULL,NULL,"0","0","2019-11-15 16:24:11","efectivo","01:35:00","24000","2","24000","0","0"),
("65749","17","59","1","2","2019-11-15 14:34:20",NULL,NULL,"0","0","2019-11-15 16:27:24","efectivo","01:53:00","24000","5","24000","0","0"),
("65750","32","22","1",NULL,"2019-11-15 14:58:25","2019-11-15 16:15:56",NULL,"0","0","2019-11-15 16:27:35","efectivo","01:17:00","26500","2","26500","0","0"),
("65751","30","56","1",NULL,"2019-11-15 14:53:28","2019-11-15 16:25:34",NULL,"0","0","2019-11-15 16:31:17","efectivo","01:32:00","24000","2","24000","0","0"),
("65752","26","26","1",NULL,"2019-11-15 14:52:36","2019-11-15 16:28:12",NULL,"0","0","2019-11-15 16:31:24","efectivo","01:35:00","24000","2","24000","0","0"),
("65753","10","49","1",NULL,"2019-11-15 14:18:16","2019-11-15 16:28:38",NULL,"0","0","2019-11-15 16:31:33","efectivo","02:10:00","32000","2","32000","0","0"),
("65754","45","67","1",NULL,"2019-11-15 15:29:29","2019-11-15 16:27:50",NULL,"0","0","2019-11-15 16:39:06","efectivo","00:58:00","20000","2","20000","0","0"),
("65755","43","32","1",NULL,"2019-11-15 15:19:09","2019-11-15 16:34:19",NULL,"0","0","2019-11-15 16:40:20","efectivo","01:15:00","26000","2","26000","0","0"),
("65756","64","58","1",NULL,"2019-11-15 16:13:39","2019-11-15 16:35:28",NULL,"0","0","2019-11-15 16:40:30","efectivo","00:21:00","20000","2","20000","0","0"),
("65757","20","29","1",NULL,"2019-11-15 14:42:42",NULL,NULL,"0","0","2019-11-15 16:46:59","efectivo","02:04:00","29300","2","29300","0","0"),
("65758","33","36","1",NULL,"2019-11-15 14:58:41","2019-11-15 16:39:15",NULL,"0","0","2019-11-15 16:47:23","efectivo","01:40:00","24000","2","24000","0","0"),
("65759","60","65","1",NULL,"2019-11-15 16:03:42","2019-11-15 16:47:07",NULL,"0","0","2019-11-15 16:50:58","efectivo","00:43:00","20000","2","20000","0","0"),
("65760","79","69","1",NULL,"2019-11-15 16:39:54","2019-11-15 16:47:34",NULL,"0","0","2019-11-15 16:51:06","credito","00:07:00","20000","2","0","20000","0"),
("65761","25","68","1",NULL,"2019-11-15 14:52:21","2019-11-15 16:53:06",NULL,"0","0","2019-11-15 16:57:22","efectivo","02:00:45","24000","2","24000","0","0"),
("65762","51","39","1",NULL,"2019-11-15 15:35:56","2019-11-15 17:00:34",NULL,"0","0","2019-11-15 17:04:03","efectivo","01:24:00","24000","2","24000","0","0"),
("65763","59","38","1",NULL,"2019-11-15 16:00:46","2019-11-15 16:57:57",NULL,"0","0","2019-11-15 17:04:14","efectivo","00:57:00","20000","2","20000","0","0"),
("65764","63","24","1",NULL,"2019-11-15 16:10:58","2019-11-15 16:57:28",NULL,"0","0","2019-11-15 17:04:20","efectivo","00:46:00","23000","2","23000","0","0"),
("65765","44","71","1","2","2019-11-15 15:23:22",NULL,NULL,"0","0","2019-11-15 17:15:42","efectivo","01:52:00","24000","5","24000","0","0"),
("65766","71","30","1",NULL,"2019-11-15 16:29:42","2019-11-15 17:08:51",NULL,"0","0","2019-11-15 17:15:51","efectivo","00:39:00","22500","2","22500","0","0"),
("65767","28","33","1",NULL,"2019-11-15 14:52:47",NULL,NULL,"0","0","2019-11-15 17:19:14","efectivo","02:26:00","32000","2","32000","0","0"),
("65768","40","43","1",NULL,"2019-11-15 15:13:46",NULL,NULL,"0","0","2019-11-15 17:21:27","efectivo","02:07:00","27000","2","27000","0","0"),
("65769","78","48","1",NULL,"2019-11-15 16:38:58","2019-11-15 17:17:49",NULL,"0","0","2019-11-15 17:26:03","efectivo","00:38:00","20000","2","20000","0","0"),
("65770","73","72","1",NULL,"2019-11-15 16:31:03","2019-11-15 17:25:45",NULL,"0","0","2019-11-15 17:28:54","efectivo","00:54:00","20000","2","20000","0","0"),
("65771","80","67","1",NULL,"2019-11-15 16:46:45","2019-11-15 17:16:28",NULL,"0","0","2019-11-15 17:33:18","efectivo","00:29:00","23000","2","23000","0","0"),
("65772","16","20","1",NULL,"2019-11-15 14:33:04",NULL,NULL,"0","0","2019-11-15 17:34:27","efectivo","03:01:00","32000","2","32000","0","0"),
("65773","53","44","1",NULL,"2019-11-15 15:48:05","2019-11-15 17:23:20",NULL,"0","0","2019-11-15 17:35:12","efectivo","01:35:00","27500","2","27500","0","0"),
("65774","65","7","1","2","2019-11-15 16:21:16",NULL,NULL,"0","0","2019-11-15 17:41:18","efectivo","01:20:00","24000","5","24000","0","0"),
("65775","57","11","1","2","2019-11-15 15:58:01",NULL,NULL,"0","0","2019-11-15 17:48:07","efectivo","01:50:00","24000","5","24000","0","0"),
("65776","76","19","1",NULL,"2019-11-15 16:37:27","2019-11-15 17:49:57",NULL,"0","0","2019-11-15 17:50:06","efectivo","01:12:00","20000","2","20000","0","0"),
("65777","66","34","1",NULL,"2019-11-15 16:22:27","2019-11-15 17:49:24",NULL,"0","0","2019-11-15 17:57:21","efectivo","01:26:00","32500","2","32500","0","0"),
("65778","88","56","1",NULL,"2019-11-15 17:13:53","2019-11-15 17:42:00",NULL,"0","0","2019-11-15 17:57:30","efectivo","00:28:00","20000","2","20000","0","0"),
("65779","61","66","1",NULL,"2019-11-15 16:03:48","2019-11-15 17:37:38",NULL,"0","0","2019-11-15 17:57:40","efectivo","01:33:00","24000","2","24000","0","0"),
("65780","54","13","1",NULL,"2019-11-15 15:50:06","2019-11-15 17:41:27",NULL,"0","0","2019-11-15 18:00:20","efectivo","01:51:00","24000","2","24000","0","0"),
("65781","84","70","1",NULL,"2019-11-15 16:55:36",NULL,NULL,"0","0","2019-11-15 18:01:18","efectivo","01:05:00","20000","2","20000","0","0"),
("65782","48","9","1","2","2019-11-15 15:35:09",NULL,NULL,"0","0","2019-11-15 18:04:10","efectivo","02:29:00","24000","5","24000","0","0"),
("65783","62","12","1","2","2019-11-15 16:06:23",NULL,NULL,"0","0","2019-11-15 18:04:16","efectivo","01:57:00","24000","5","24000","0","0"),
("65784","85","5","1",NULL,"2019-11-15 16:59:27","2019-11-15 17:55:44",NULL,"0","0","2019-11-15 18:09:59","efectivo","00:56:00","20000","2","20000","0","0"),
("65785","95","15","1","2","2019-11-15 17:32:44",NULL,NULL,"0","0","2019-11-15 18:10:08","efectivo","00:37:00","27500","5","27500","0","0"),
("65786","38","64","1","2","2019-11-15 15:08:56",NULL,NULL,"0","0","2019-11-15 18:10:32","efectivo","03:01:00","24000","5","24000","0","0"),
("65787","72","23","1",NULL,"2019-11-15 16:30:14","2019-11-15 18:11:14",NULL,"0","0","2019-11-15 18:32:30","efectivo","01:41:00","24000","2","24000","0","0"),
("65788","89","29","1",NULL,"2019-11-15 17:13:57","2019-11-15 18:09:31",NULL,"0","0","2019-11-15 18:33:05","efectivo","00:55:00","20000","2","20000","0","0"),
("65789","58","46","1",NULL,"2019-11-15 15:59:04","2019-11-15 18:04:46",NULL,"0","0","2019-11-15 18:33:20","efectivo","02:05:00","24000","2","24000","0","0"),
("65790","91","33","1",NULL,"2019-11-15 17:19:21","2019-11-15 17:58:17",NULL,"0","0","2019-11-15 18:33:28","efectivo","00:38:00","20000","2","20000","0","0"),
("65791","100","19","1",NULL,"2019-11-15 17:50:13",NULL,NULL,"0","0","2019-11-15 18:33:36","efectivo","00:43:00","20000","2","20000","0","0"),
("65792","68","21","1",NULL,"2019-11-15 16:24:15",NULL,NULL,"0","0","2019-11-15 18:33:42","efectivo","02:09:00","24000","2","24000","0","0"),
("65793","93","50","1",NULL,"2019-11-15 17:23:13",NULL,NULL,"0","0","2019-11-15 18:37:04","efectivo","01:13:00","20000","2","20000","0","0"),
("65794","86","49","1",NULL,"2019-11-15 17:02:04",NULL,NULL,"0","0","2019-11-15 18:41:28","efectivo","01:39:00","24000","2","24000","0","0"),
("65795","49","8","1","2","2019-11-15 15:35:19",NULL,NULL,"0","0","2019-11-15 18:43:13","efectivo","03:07:00","27500","5","27500","0","0"),
("65796","74","60","1","2","2019-11-15 16:32:00",NULL,NULL,"0","0","2019-11-15 18:43:46","efectivo","02:11:00","24000","5","24000","0","0"),
("65797","56","10","1","2","2019-11-15 15:57:55",NULL,NULL,"0","0","2019-11-15 18:49:34","efectivo","02:51:00","27000","5","27000","0","0"),
("65798","87","36","1",NULL,"2019-11-15 17:02:50","2019-11-15 18:44:46",NULL,"0","0","2019-11-15 18:51:17","efectivo","01:41:00","24000","2","24000","0","0"),
("65799","101","38","1",NULL,"2019-11-15 17:55:56","2019-11-15 18:45:36",NULL,"0","0","2019-11-15 18:51:30","efectivo","00:49:00","20000","2","20000","0","0"),
("65800","52","45","1",NULL,"2019-11-15 15:46:57",NULL,NULL,"0","0","2019-11-15 18:51:53","efectivo","03:04:00","32000","2","32000","0","0"),
("65801","111","69","1",NULL,"2019-11-15 18:22:15","2019-11-15 18:43:53",NULL,"0","0","2019-11-15 18:53:07","efectivo","00:21:00","20000","2","20000","0","0"),
("65802","108","67","1",NULL,"2019-11-15 18:09:18","2019-11-15 18:47:48",NULL,"0","0","2019-11-15 18:53:27","efectivo","00:38:00","20000","2","20000","0","0"),
("65803","96","24","1",NULL,"2019-11-15 17:34:32","2019-11-15 18:44:14",NULL,"0","0","2019-11-15 18:53:34","efectivo","01:09:00","20000","2","20000","0","0"),
("65804","55","27","1",NULL,"2019-11-15 15:52:14",NULL,NULL,"0","0","2019-11-15 19:04:04","efectivo","03:11:00","32000","2","32000","0","0"),
("65805","75","63","1","2","2019-11-15 16:36:27",NULL,NULL,"0","0","2019-11-15 19:05:25","efectivo","02:28:00","24000","5","24000","0","0"),
("65806","83","32","1",NULL,"2019-11-15 16:54:36","2019-11-15 18:57:56",NULL,"0","0","2019-11-15 19:08:13","efectivo","02:03:00","24000","2","24000","0","0"),
("65807","70","22","1",NULL,"2019-11-15 16:27:40",NULL,NULL,"0","0","2019-11-15 19:15:23","efectivo","02:47:00","32000","2","32000","0","0"),
("65808","82","6","1","2","2019-11-15 16:48:55",NULL,NULL,"0","0","2019-11-15 19:16:37","efectivo","02:27:00","24000","5","24000","0","0"),
("65809","81","26","1",NULL,"2019-11-15 16:47:15",NULL,NULL,"0","0","2019-11-15 19:19:52","efectivo","02:32:00","32000","2","32000","0","0"),
("65810","115","21","1",NULL,"2019-11-15 18:34:08","2019-11-15 19:11:43",NULL,"0","0","2019-11-15 19:20:03","efectivo","00:37:00","20000","2","20000","0","0"),
("65811","97","20","1",NULL,"2019-11-15 17:34:37","2019-11-15 19:13:38",NULL,"0","0","2019-11-15 19:20:09","efectivo","01:39:00","24000","2","24000","0","0"),
("65812","98","71","1","2","2019-11-15 17:42:11",NULL,NULL,"0","0","2019-11-15 19:35:13","efectivo","01:53:00","24000","5","24000","0","0"),
("65813","13","31","1",NULL,"2019-11-15 14:23:58","2019-11-15 19:12:21",NULL,"0","0","2019-11-15 19:35:58","efectivo","04:48:00","77500","2","77500","0","0"),
("65814","77","25","1",NULL,"2019-11-15 16:38:48",NULL,NULL,"0","0","2019-11-15 19:36:05","efectivo","02:57:00","32000","2","32000","0","0"),
("65815","99","37","1",NULL,"2019-11-15 17:49:34","2019-11-15 19:22:20",NULL,"0","0","2019-11-15 19:38:15","efectivo","01:32:00","24000","2","24000","0","0"),
("65816","67","42","1",NULL,"2019-11-15 16:23:08",NULL,NULL,"0","0","2019-11-15 19:55:44","efectivo","03:32:00","38000","2","38000","0","0"),
("65817","127","69","1",NULL,"2019-11-15 18:53:14","2019-11-15 19:28:10",NULL,"0","0","2019-11-15 19:56:31","efectivo","00:34:00","20000","2","20000","0","0"),
("65818","106","48","1",NULL,"2019-11-15 18:02:31","2019-11-15 19:27:16",NULL,"0","0","2019-11-15 19:56:39","efectivo","01:24:00","24000","2","24000","0","0"),
("65819","90","4","1","2","2019-11-15 17:16:11",NULL,NULL,"0","0","2019-11-15 19:58:53","efectivo","02:42:00","24000","5","24000","0","0"),
("65820","126","36","1",NULL,"2019-11-15 18:52:58",NULL,NULL,"0","0","2019-11-15 20:00:17","efectivo","01:07:00","20000","2","20000","0","0"),
("65821","133","30","1",NULL,"2019-11-15 19:06:56","2019-11-15 19:56:46",NULL,"0","0","2019-11-15 20:01:28","efectivo","00:49:00","20000","2","20000","0","0"),
("65822","125","35","1",NULL,"2019-11-15 18:52:52","2019-11-15 19:57:17",NULL,"0","0","2019-11-15 20:05:26","efectivo","01:04:00","20000","2","20000","0","0"),
("65823","114","29","1",NULL,"2019-11-15 18:33:12","2019-11-15 20:08:28",NULL,"0","0","2019-11-15 20:13:12","efectivo","01:35:00","24000","2","24000","0","0"),
("65824","138","33","1",NULL,"2019-11-15 19:12:10","2019-11-15 20:06:56",NULL,"0","0","2019-11-15 20:13:18","efectivo","00:54:00","20000","2","20000","0","0"),
("65825","120","34","1",NULL,"2019-11-15 18:49:47","2019-11-15 20:06:45",NULL,"0","0","2019-11-15 20:13:26","efectivo","01:16:00","24000","2","24000","0","0"),
("65826","121","10","1",NULL,"2019-11-15 18:51:08","2019-11-15 19:35:47",NULL,"0","0","2019-11-15 20:13:37","efectivo","00:44:00","20000","2","20000","0","0"),
("65827","94","59","1","2","2019-11-15 17:25:23",NULL,NULL,"0","0","2019-11-15 20:14:18","efectivo","02:48:00","24000","5","24000","0","0"),
("65828","139","58","1",NULL,"2019-11-15 19:16:44","2019-11-15 20:07:39",NULL,"0","0","2019-11-15 20:18:26","efectivo","00:50:00","20000","2","20000","0","0"),
("65829","69","47","1",NULL,"2019-11-15 16:24:34",NULL,NULL,"0","0","2019-11-15 20:20:31","efectivo","03:55:00","41500","2","41500","0","0"),
("65830","105","18","1","2","2019-11-15 18:01:32",NULL,NULL,"0","0","2019-11-15 20:27:24","efectivo","02:25:00","24000","5","24000","0","0"),
("65831","92","14","1","2","2019-11-15 17:20:42","2019-11-15 19:59:29",NULL,"0","0","2019-11-15 20:27:33","efectivo","02:38:00","24000","5","24000","0","0");
INSERT INTO facturas VALUES
("65832","109","39","1",NULL,"2019-11-15 18:09:25",NULL,NULL,"0","0","2019-11-15 20:30:31","efectivo","02:21:00","32000","2","32000","0","0"),
("65833","117","52","1","2","2019-11-15 18:40:02",NULL,NULL,"0","0","2019-11-15 20:30:44","efectivo","01:50:00","24000","5","24000","0","0"),
("65834","107","16","1","2","2019-11-15 18:09:11",NULL,NULL,"0","0","2019-11-15 20:32:48","efectivo","02:23:00","24000","5","24000","0","0"),
("65835","142","21","1",NULL,"2019-11-15 19:31:40","2019-11-15 20:20:43",NULL,"0","0","2019-11-15 20:34:16","efectivo","00:49:00","20000","2","20000","0","0"),
("65836","128","44","1",NULL,"2019-11-15 18:56:27","2019-11-15 20:07:28",NULL,"0","0","2019-11-15 20:34:36","efectivo","01:11:00","20000","2","20000","0","0"),
("65837","104","70","1","2","2019-11-15 18:01:27",NULL,NULL,"0","0","2019-11-15 20:34:59","efectivo","02:33:00","24000","5","24000","0","0"),
("65838","102","2","1","2","2019-11-15 17:57:46",NULL,NULL,"0","0","2019-11-15 20:35:39","efectivo","02:37:00","24000","5","24000","0","0"),
("65839","103","1","1","2","2019-11-15 17:57:50",NULL,NULL,"0","0","2019-11-15 20:35:45","efectivo","02:37:00","24000","5","24000","0","0"),
("65840","143","71","1",NULL,"2019-11-15 19:35:20",NULL,NULL,"0","0","2019-11-15 20:38:20","efectivo","01:03:00","20000","2","20000","0","0"),
("65841","110","64","1",NULL,"2019-11-15 18:22:01",NULL,NULL,"0","0","2019-11-15 20:40:32","efectivo","02:18:00","32000","2","32000","0","0"),
("65842","151","68","1",NULL,"2019-11-15 19:56:23","2019-11-15 20:31:05",NULL,"0","0","2019-11-15 20:41:23","efectivo","00:34:00","20000","2","20000","0","0"),
("65843","140","65","1",NULL,"2019-11-15 19:22:38","2019-11-15 20:40:19",NULL,"0","0","2019-11-15 20:41:36","efectivo","01:17:00","24000","2","24000","0","0"),
("65844","153","36","1",NULL,"2019-11-15 20:00:26",NULL,NULL,"0","0","2019-11-15 20:49:52","efectivo","00:49:00","20000","2","20000","0","0"),
("65845","131","67","1",NULL,"2019-11-15 19:03:30","2019-11-15 20:38:58",NULL,"0","0","2019-11-15 20:50:09","efectivo","01:35:00","24000","2","24000","0","0"),
("65846","154","30","1",NULL,"2019-11-15 20:08:15","2019-11-15 20:34:22",NULL,"0","0","2019-11-15 20:51:38","efectivo","00:26:00","20000","2","20000","0","0"),
("65847","144","22","1",NULL,"2019-11-15 19:35:38","2019-11-15 20:35:15",NULL,"0","0","2019-11-15 20:52:16","efectivo","00:59:00","20000","2","20000","0","0"),
("65848","119","50","1",NULL,"2019-11-15 18:49:19","2019-11-15 20:33:11",NULL,"0","0","2019-11-15 20:52:31","efectivo","01:43:00","24000","2","24000","0","0"),
("65849","137","32","1",NULL,"2019-11-15 19:10:50","2019-11-15 20:31:16",NULL,"0","0","2019-11-15 20:52:40","efectivo","01:20:00","24000","2","24000","0","0"),
("65850","113","55","1","2","2019-11-15 18:32:49",NULL,NULL,"0","0","2019-11-15 20:53:28","efectivo","02:20:00","28000","5","28000","0","0"),
("65851","112","51","1","2","2019-11-15 18:32:39",NULL,NULL,"0","0","2019-11-15 20:53:35","efectivo","02:20:00","24000","5","24000","0","0"),
("65852","116","5","1","2","2019-11-15 18:36:05",NULL,NULL,"0","0","2019-11-15 20:54:37","efectivo","02:18:00","24000","5","24000","0","0"),
("65853","156","35","1",NULL,"2019-11-15 20:13:04","2019-11-15 20:36:37",NULL,"0","0","2019-11-15 20:54:57","efectivo","00:23:00","20000","2","20000","0","0"),
("65854","147","37","1",NULL,"2019-11-15 19:38:21",NULL,NULL,"0","0","2019-11-15 20:55:14","efectivo","01:16:00","24000","2","24000","0","0"),
("65855","122","75","1","2","2019-11-15 18:51:46",NULL,NULL,"0","0","2019-11-15 20:56:43","efectivo","02:04:00","24000","5","24000","0","0"),
("65856","129","38","1",NULL,"2019-11-15 18:58:07",NULL,NULL,"0","0","2019-11-15 20:59:09","efectivo","02:01:00","24000","2","24000","0","0"),
("65857","124","9","1","2","2019-11-15 18:52:43",NULL,NULL,"0","0","2019-11-15 20:59:17","efectivo","02:06:00","34000","5","34000","0","0"),
("65858","169","21","1",NULL,"2019-11-15 20:34:50","2019-11-15 20:56:49",NULL,"0","0","2019-11-15 21:17:35","efectivo","00:21:00","20000","2","20000","0","0"),
("65859","123","45","1",NULL,"2019-11-15 18:52:00","2019-11-15 20:59:38",NULL,"0","0","2019-11-15 21:17:43","efectivo","02:07:00","24000","2","24000","0","0"),
("65860","148","42","1",NULL,"2019-11-15 19:55:52",NULL,NULL,"0","0","2019-11-15 21:17:52","efectivo","01:22:00","24000","2","24000","0","0"),
("65861","179","30","1",NULL,"2019-11-15 20:51:47",NULL,NULL,"0","0","2019-11-15 21:18:50","efectivo","00:27:00","20000","2","20000","0","0"),
("65862","150","46","1",NULL,"2019-11-15 19:56:03",NULL,NULL,"0","0","2019-11-15 21:19:19","efectivo","01:23:00","24000","2","24000","0","0"),
("65863","136","73","1","2","2019-11-15 19:08:58",NULL,NULL,"0","0","2019-11-15 21:26:22","efectivo","02:17:00","24000","5","24000","0","0"),
("65864","149","56","1",NULL,"2019-11-15 19:55:58",NULL,NULL,"0","0","2019-11-15 21:30:22","efectivo","01:34:00","24000","2","24000","0","0"),
("65865","146","20","1",NULL,"2019-11-15 19:38:08","2019-11-15 21:22:37",NULL,"0","0","2019-11-15 21:34:44","efectivo","01:44:00","24000","2","24000","0","0"),
("65866","165","33","1",NULL,"2019-11-15 20:21:20","2019-11-15 21:23:01",NULL,"0","0","2019-11-15 21:34:52","efectivo","01:01:00","20000","2","20000","0","0"),
("65867","162","58","1",NULL,"2019-11-15 20:18:39","2019-11-15 21:25:47",NULL,"0","0","2019-11-15 21:34:59","efectivo","01:07:00","20000","2","20000","0","0"),
("65868","173","68","1",NULL,"2019-11-15 20:42:41","2019-11-15 21:30:11",NULL,"0","0","2019-11-15 21:35:09","efectivo","00:47:00","20000","2","20000","0","0"),
("65869","132","11","1","2","2019-11-15 19:03:40",NULL,NULL,"0","0","2019-11-15 21:36:06","efectivo","02:32:00","24000","5","24000","0","0"),
("65870","158","29","1",NULL,"2019-11-15 20:16:51",NULL,NULL,"0","0","2019-11-15 21:37:00","efectivo","01:20:00","20000","2","20000","0","0"),
("65871","118","49","1",NULL,"2019-11-15 18:41:35",NULL,NULL,"0","0","2019-11-15 21:37:24","efectivo","02:55:00","35500","2","35500","0","0"),
("65872","145","74","1",NULL,"2019-11-15 19:36:59",NULL,NULL,"0","0","2019-11-15 21:37:39","efectivo","02:00:40","24000","2","24000","0","0"),
("65873","160","34","1",NULL,"2019-11-15 20:17:53","2019-11-15 21:36:45",NULL,"0","0","2019-11-15 21:50:16","efectivo","01:18:00","24000","2","24000","0","0"),
("65874","176","67","1",NULL,"2019-11-15 20:50:15","2019-11-15 21:38:15",NULL,"0","0","2019-11-15 21:50:29","efectivo","00:48:00","20000","2","20000","0","0"),
("65875","195","5","1","2","2019-11-15 21:41:11",NULL,NULL,"0","0","2019-11-16 06:33:17","efectivo","08:52:00","24000","5","24000","0","0"),
("65876","141","12","1","2","2019-11-15 19:27:52",NULL,NULL,"0","0","2019-11-16 06:33:27","efectivo","11:05:00","24000","5","24000","0","0"),
("65877","157","10","1","2","2019-11-15 20:13:45",NULL,NULL,"0","0","2019-11-16 06:33:37","efectivo","10:19:00","24000","5","24000","0","0"),
("65878","152","6","1","2","2019-11-15 20:00:02",NULL,NULL,"0","0","2019-11-16 06:33:47","efectivo","10:33:00","24000","5","24000","0","0"),
("65879","193","7","1","2","2019-11-15 21:28:12",NULL,NULL,"0","0","2019-11-16 06:33:59","efectivo","09:05:00","24000","5","24000","0","0"),
("65880","180","14","1","2","2019-11-15 20:52:02",NULL,NULL,"0","0","2019-11-16 06:34:06","efectivo","09:42:00","27000","5","27000","0","0"),
("65881","163","15","1","2","2019-11-15 20:19:57",NULL,NULL,"0","0","2019-11-16 06:34:13","efectivo","10:14:00","24000","5","24000","0","0"),
("65882","167","16","1","2","2019-11-15 20:32:54",NULL,NULL,"0","0","2019-11-16 06:34:19","efectivo","10:01:00","24000","5","24000","0","0"),
("65883","186","18","1","2","2019-11-15 20:57:09",NULL,NULL,"0","0","2019-11-16 06:34:26","efectivo","09:37:00","24000","5","24000","0","0"),
("65884","174","19","1",NULL,"2019-11-15 20:49:58",NULL,NULL,"0","0","2019-11-16 06:34:40","efectivo","09:44:00","76000","2","76000","0","0"),
("65885","190","21","1",NULL,"2019-11-15 21:18:31",NULL,NULL,"0","0","2019-11-16 06:34:48","efectivo","09:16:00","76000","2","76000","0","0"),
("65886","181","22","1",NULL,"2019-11-15 20:52:21",NULL,NULL,"0","0","2019-11-16 06:34:55","efectivo","09:42:00","76000","2","76000","0","0"),
("65887","187","24","1",NULL,"2019-11-15 20:58:41",NULL,NULL,"0","0","2019-11-16 06:35:03","efectivo","09:36:00","76000","2","76000","0","0"),
("65888","194","30","1",NULL,"2019-11-15 21:34:19",NULL,NULL,"0","0","2019-11-16 06:35:13","efectivo","09:00:54","54000","2","54000","0","0"),
("65889","130","28","1",NULL,"2019-11-15 19:03:24",NULL,NULL,"0","0","2019-11-16 06:35:23","efectivo","11:31:00","76000","2","76000","0","0"),
("65890","161","27","1",NULL,"2019-11-15 20:17:58",NULL,NULL,"0","0","2019-11-16 06:35:33","efectivo","10:17:00","76000","2","76000","0","0"),
("65891","188","26","1",NULL,"2019-11-15 21:02:01",NULL,NULL,"0","0","2019-11-16 06:35:41","efectivo","09:33:00","76000","2","76000","0","0"),
("65892","182","32","1",NULL,"2019-11-15 20:54:51",NULL,NULL,"0","0","2019-11-16 06:35:54","efectivo","09:41:00","76000","2","76000","0","0"),
("65893","197","33","1",NULL,"2019-11-15 21:44:59",NULL,NULL,"0","0","2019-11-16 06:36:01","efectivo","08:51:00","54000","2","54000","0","0"),
("65894","183","35","1",NULL,"2019-11-15 20:55:03",NULL,NULL,"0","0","2019-11-16 06:36:11","efectivo","09:41:00","76000","2","76000","0","0"),
("65895","175","36","1",NULL,"2019-11-15 20:50:02",NULL,NULL,"0","0","2019-11-16 06:36:20","efectivo","09:46:00","76000","2","76000","0","0"),
("65896","168","39","1",NULL,"2019-11-15 20:34:09",NULL,NULL,"0","0","2019-11-16 06:36:29","efectivo","10:02:00","76000","2","76000","0","0"),
("65897","189","42","1",NULL,"2019-11-15 21:18:00",NULL,NULL,"0","0","2019-11-16 06:36:38","efectivo","09:18:00","76000","2","76000","0","0"),
("65898","184","37","1",NULL,"2019-11-15 20:55:24",NULL,NULL,"0","0","2019-11-16 06:36:48","efectivo","09:41:00","76000","2","76000","0","0"),
("65899","164","47","1",NULL,"2019-11-15 20:20:39",NULL,NULL,"0","0","2019-11-16 06:36:58","efectivo","10:16:00","76000","2","76000","0","0"),
("65900","191","46","1",NULL,"2019-11-15 21:19:26",NULL,NULL,"0","0","2019-11-16 06:37:10","efectivo","09:17:00","76000","2","76000","0","0"),
("65901","166","52","1",NULL,"2019-11-15 20:30:50",NULL,NULL,"0","0","2019-11-16 07:07:18","efectivo","10:36:00","76000","2","76000","0","0"),
("65902","185","51","1","2","2019-11-15 20:55:59",NULL,NULL,"0","0","2019-11-16 07:07:26","efectivo","10:11:00","24000","5","24000","0","0"),
("65903","198","58","1",NULL,"2019-11-15 21:45:04",NULL,NULL,"0","0","2019-11-16 07:07:35","efectivo","09:22:00","76000","2","76000","0","0"),
("65904","159","57","1",NULL,"2019-11-15 20:17:45",NULL,NULL,"0","0","2019-11-16 07:07:44","efectivo","10:49:00","76000","2","76000","0","0"),
("65905","155","62","1",NULL,"2019-11-15 20:12:59",NULL,NULL,"0","0","2019-11-16 07:07:54","efectivo","10:54:00","76000","2","76000","0","0"),
("65906","135","63","1","2","2019-11-15 19:08:38",NULL,NULL,"0","0","2019-11-16 07:08:06","efectivo","11:59:00","24000","5","24000","0","0"),
("65907","172","71","1","2","2019-11-15 20:38:52",NULL,NULL,"0","0","2019-11-16 07:08:22","efectivo","10:29:00","24000","5","24000","0","0"),
("65908","196","66","1",NULL,"2019-11-15 21:42:28",NULL,NULL,"0","0","2019-11-16 07:08:31","efectivo","09:26:00","76000","2","76000","0","0"),
("65909","170","70","1",NULL,"2019-11-15 20:35:06",NULL,NULL,"0","0","2019-11-16 07:08:41","efectivo","10:33:00","76000","2","76000","0","0"),
("65910","192","69","1",NULL,"2019-11-15 21:26:01",NULL,NULL,"0","0","2019-11-16 07:08:49","efectivo","09:42:00","76000","2","76000","0","0"),
("65911","201","30","1",NULL,"2019-11-16 07:34:06",NULL,NULL,"0","0","2019-11-16 07:48:42","efectivo","00:14:00","20000","2","20000","0","0"),
("65912","210","4","2",NULL,"2019-11-23 18:37:22",NULL,NULL,"0","0","2019-11-23 18:38:25","efectivo","00:01:00","27000","2","27000","0","0"),
("65913","208","2","2",NULL,"2019-11-23 18:34:08",NULL,NULL,"1","0","2019-11-23 18:46:49","efectivo","00:12:00","32000","2","32000","0","0"),
("65914","211","4","2",NULL,"2019-11-23 18:38:34",NULL,NULL,"0","0","2019-11-23 18:51:14","efectivo","00:12:00","20000","2","20000","0","0"),
("65915","212","5","2",NULL,"2019-11-23 18:44:10",NULL,NULL,"0","0","2019-11-23 19:01:50","efectivo","00:17:00","66000","2","66000","0","0"),
("65916","209","3","1","4","2019-11-23 18:37:16","2019-11-23 19:52:52","2019-11-23 19:54:32","0","0","2019-11-23 20:34:59","efectivo","01:55:20","88000","5","88000","0","0");




CREATE TABLE `detalle_factura` (
  `id_detalle` int(11) NOT NULL AUTO_INCREMENT,
  `fac_consecutivo` int(11) NOT NULL,
  `det_id_producto` int(11) NOT NULL,
  `det_cantidad` int(11) NOT NULL,
  `det_pro_precio_compra` bigint(20) NOT NULL,
  `det_valor_unidad` bigint(20) NOT NULL,
  `det_valor_total` bigint(20) NOT NULL,
  `det_fecha_venta` datetime NOT NULL,
  PRIMARY KEY (`id_detalle`),
  KEY `fac_consecutivo` (`fac_consecutivo`),
  KEY `det_id_producto` (`det_id_producto`),
  CONSTRAINT `detalle_factura_ibfk_1` FOREIGN KEY (`fac_consecutivo`) REFERENCES `facturas` (`fac_consecutivo`) ON DELETE CASCADE ON UPDATE CASCADE,
  CONSTRAINT `detalle_factura_ibfk_2` FOREIGN KEY (`det_id_producto`) REFERENCES `producto` (`id_producto`) ON UPDATE CASCADE
) ENGINE=InnoDB AUTO_INCREMENT=305 DEFAULT CHARSET=utf8mb4;


INSERT INTO detalle_factura VALUES
("109","2","15","1","1324","3000","3000","2019-10-05 14:46:19"),
("110","3","15","3","1324","3000","9000","2019-10-05 14:47:07"),
("111","4","20","2","2326","8000","16000","2019-10-05 14:47:38"),
("112","4","21","1","2700","8000","8000","2019-10-05 14:47:38"),
("113","64999","15","1","1324","3000","3000","2019-10-05 15:08:58"),
("114","65000","15","1","1324","3000","3000","2019-10-05 15:09:23"),
("115","65001","15","1","1324","3000","3000","2019-10-05 15:21:38"),
("116","65018","37","1","1916","3500","3500","2019-10-06 15:19:17"),
("117","65022","55","1","2083","3500","3500","2019-10-06 15:28:06"),
("118","65031","58","1","1084","2500","2500","2019-10-06 15:49:37"),
("119","65033","37","1","1916","3500","3500","2019-10-06 15:55:17"),
("120","65041","55","1","2083","3500","3500","2019-10-06 16:05:25"),
("121","65067","45","1","3153","7000","7000","2019-10-06 16:58:25"),
("122","65068","49","1","1558","2500","2500","2019-10-06 17:03:44"),
("123","65069","38","1","1916","3500","3500","2019-10-06 17:07:51"),
("124","65083","37","1","1916","3500","3500","2019-10-06 17:50:47"),
("125","65087","54","1","1142","3000","3000","2019-10-06 17:59:51"),
("126","65089","54","1","1142","3000","3000","2019-10-06 18:02:21"),
("127","65093","62","1","1281","2500","2500","2019-10-06 18:12:32"),
("128","65094","38","1","1916","3500","3500","2019-10-06 18:12:51"),
("129","65097","54","1","1142","3000","3000","2019-10-06 18:14:12"),
("130","65098","54","1","1142","3000","3000","2019-10-06 18:14:45"),
("131","65103","50","1","2100","3500","3500","2019-10-06 18:27:33"),
("132","65109","55","1","2083","3500","3500","2019-10-06 18:49:38"),
("133","65130","48","1","986","1800","1800","2019-10-06 19:24:45"),
("134","65132","54","1","1142","3000","3000","2019-10-06 19:27:34"),
("135","65135","38","1","1916","3500","3500","2019-10-06 19:53:04"),
("136","65136","54","1","1142","3000","3000","2019-10-06 19:54:01"),
("137","65139","37","1","1916","3500","3500","2019-10-06 19:58:19"),
("138","65151","55","1","2083","3500","3500","2019-10-06 20:35:02"),
("139","65155","16","1","1100","3500","3500","2019-10-06 20:38:56"),
("216","65498","39","1","2135","4000","4000","2019-10-25 21:35:12"),
("225","65166","38","1","1916","3500","3500","2019-11-06 16:33:03"),
("226","65523","54","1","1142","3000","3000","2019-11-14 15:25:20"),
("227","65524","55","1","2083","3500","3500","2019-11-14 15:51:49"),
("228","65528","62","1","1281","2500","2500","2019-11-14 15:52:43"),
("229","65536","60","1","1291","2500","2500","2019-11-14 16:16:01"),
("230","65546","55","1","2083","3500","3500","2019-11-14 16:33:51"),
("231","65548","38","1","1916","3500","3500","2019-11-14 16:38:37"),
("232","65548","45","1","3153","7000","7000","2019-11-14 16:38:37"),
("233","65548","15","1","1324","3000","3000","2019-11-14 16:38:37"),
("234","65560","39","1","2135","4000","4000","2019-11-14 17:06:17"),
("235","65560","37","1","1916","3500","3500","2019-11-14 17:06:17"),
("236","65560","38","1","1916","3500","3500","2019-11-14 17:06:17"),
("237","65562","54","1","1142","3000","3000","2019-11-14 17:09:57"),
("238","65572","38","1","1916","3500","3500","2019-11-14 17:25:44"),
("239","65573","38","1","1916","3500","3500","2019-11-14 17:26:08"),
("240","65574","60","1","1291","2500","2500","2019-11-14 17:30:40"),
("241","65574","57","1","2193","3500","3500","2019-11-14 17:30:40"),
("242","65575","64","1","1140","2500","2500","2019-11-14 17:32:02"),
("243","65577","54","1","1142","3000","3000","2019-11-14 17:38:06"),
("244","65582","54","1","1142","3000","3000","2019-11-14 17:45:04"),
("245","65604","59","1","1493","2800","2800","2019-11-14 18:45:20"),
("246","65615","48","1","986","1800","1800","2019-11-14 19:00:10"),
("247","65619","38","1","1916","3500","3500","2019-11-14 19:05:12"),
("248","65620","54","1","1142","3000","3000","2019-11-14 19:08:38"),
("249","65622","38","1","1916","3500","3500","2019-11-14 19:16:56"),
("250","65623","65","1","2799","4500","4500","2019-11-14 19:17:40"),
("251","65623","49","1","1558","2500","2500","2019-11-14 19:17:40"),
("252","65623","37","1","1916","3500","3500","2019-11-14 19:17:40"),
("253","65625","38","1","1916","3500","3500","2019-11-14 19:20:00"),
("254","65630","36","1","3786","6000","6000","2019-11-14 19:28:54"),
("255","65632","38","1","1916","3500","3500","2019-11-14 19:40:02"),
("256","65638","48","1","986","1800","1800","2019-11-14 19:53:53"),
("257","65638","55","1","2083","3500","3500","2019-11-14 19:53:53"),
("258","65638","54","1","1142","3000","3000","2019-11-14 19:53:53"),
("259","65640","36","1","3786","6000","6000","2019-11-14 19:58:27"),
("260","65640","38","1","1916","3500","3500","2019-11-14 19:58:27"),
("261","65640","15","1","1324","3000","3000","2019-11-14 19:58:27"),
("262","65651","54","1","1142","3000","3000","2019-11-14 20:37:51"),
("263","65662","64","1","1140","2500","2500","2019-11-14 20:51:11"),
("264","65680","54","1","1142","3000","3000","2019-11-14 21:24:06"),
("265","65690","76","1","486","1500","1500","2019-11-14 21:51:04"),
("266","65695","37","1","1916","3500","3500","2019-11-14 21:51:36"),
("267","65695","38","1","1916","3500","3500","2019-11-14 21:51:36"),
("268","65698","53","2","1","1500","3000","2019-11-14 21:51:53"),
("269","65698","38","1","1916","3500","3500","2019-11-14 21:51:53"),
("270","65703","57","1","2193","3500","3500","2019-11-14 21:52:46"),
("271","65737","62","1","1281","2500","2500","2019-11-15 15:46:43"),
("272","65740","54","1","1142","3000","3000","2019-11-15 16:02:11"),
("273","65742","54","1","1142","3000","3000","2019-11-15 16:09:58"),
("274","65742","37","1","1916","3500","3500","2019-11-15 16:09:58"),
("275","65750","58","1","1084","2500","2500","2019-11-15 16:27:35"),
("276","65753","62","1","1281","2500","2500","2019-11-15 16:31:33"),
("277","65753","58","1","1084","2500","2500","2019-11-15 16:31:33"),
("278","65753","15","1","1324","3000","3000","2019-11-15 16:31:33"),
("279","65755","57","1","2193","3500","3500","2019-11-15 16:40:20"),
("280","65755","58","1","1084","2500","2500","2019-11-15 16:40:20"),
("281","65757","61","1","1354","2800","2800","2019-11-15 16:46:59"),
("282","65757","64","1","1140","2500","2500","2019-11-15 16:46:59"),
("283","65764","54","1","1142","3000","3000","2019-11-15 17:04:21"),
("284","65766","64","1","1140","2500","2500","2019-11-15 17:15:51"),
("285","65768","54","1","1142","3000","3000","2019-11-15 17:21:27"),
("286","65771","54","1","1142","3000","3000","2019-11-15 17:33:18"),
("287","65773","38","1","1916","3500","3500","2019-11-15 17:35:12"),
("288","65777","64","1","1140","2500","2500","2019-11-15 17:57:21"),
("289","65777","36","1","3786","6000","6000","2019-11-15 17:57:21"),
("290","65785","37","1","1916","3500","3500","2019-11-15 18:10:08"),
("291","65795","38","1","1916","3500","3500","2019-11-15 18:43:13"),
("292","65797","15","1","1324","3000","3000","2019-11-15 18:49:34");
INSERT INTO detalle_factura VALUES
("293","65813","43","1","17100","24000","24000","2019-11-15 19:35:58"),
("294","65813","55","1","2083","3500","3500","2019-11-15 19:35:58"),
("295","65829","37","1","1916","3500","3500","2019-11-15 20:20:31"),
("296","65850","39","1","2135","4000","4000","2019-11-15 20:53:28"),
("297","65857","36","1","3786","6000","6000","2019-11-15 20:59:17"),
("298","65857","39","1","2135","4000","4000","2019-11-15 20:59:17"),
("299","65871","37","1","1916","3500","3500","2019-11-15 21:37:24"),
("300","65880","54","1","1142","3000","3000","2019-11-16 06:34:06"),
("301","65912","15","9","1324","3000","27000","2019-11-23 18:38:25"),
("302","65915","15","10","1324","3000","30000","2019-11-23 19:01:50"),
("303","65915","18","2","2900","8000","16000","2019-11-23 19:01:50"),
("304","65916","15","4","1324","3000","12000","2019-11-23 20:34:59");




CREATE TABLE `cortesia` (
  `cor_consecutivo` int(11) NOT NULL,
  `hab_numero` int(11) NOT NULL,
  `id_usuario` int(11) NOT NULL,
  `cor_fecha_hora_ingreso` datetime NOT NULL,
  `cor_inicio_tiempo_parcial` varchar(20) DEFAULT NULL,
  `cor_fin_tiempo_parcial` varchar(20) DEFAULT NULL,
  `cor_numero_personas_adicionales` int(11) NOT NULL,
  `cor_habitacion_decorada` int(11) NOT NULL,
  `cor_hora_salida` datetime NOT NULL,
  `tipo_pago` varchar(20) NOT NULL,
  `tiempo_total` time NOT NULL,
  `valor_cortesia` int(11) NOT NULL,
  `cor_valor_efectivo` bigint(20) NOT NULL,
  `cor_valor_credito` bigint(20) NOT NULL,
  `cor_valor_transferencia` bigint(20) NOT NULL,
  PRIMARY KEY (`cor_consecutivo`),
  KEY `hab_numero` (`hab_numero`),
  KEY `id_usuario` (`id_usuario`),
  KEY `hab_numero_2` (`hab_numero`),
  KEY `id_usuario_2` (`id_usuario`),
  CONSTRAINT `cortesia_ibfk_1` FOREIGN KEY (`id_usuario`) REFERENCES `usuario` (`usu_id`) ON UPDATE CASCADE
) ENGINE=InnoDB DEFAULT CHARSET=latin1;


INSERT INTO cortesia VALUES
("1","49","1","2019-10-24 00:27:55",NULL,NULL,"0","0","2019-10-24 01:41:59","efectivo","01:14:00","1","0","0","0"),
("2","46","1","2019-10-24 00:27:42",NULL,NULL,"0","0","2019-10-24 01:42:18","efectivo","01:14:00","1","0","0","0"),
("3","42","1","2019-10-24 11:43:15",NULL,NULL,"0","0","2019-10-24 12:07:08","efectivo","00:23:00","1","0","0","0"),
("4","33","1","2019-10-24 16:43:30",NULL,NULL,"0","0","2019-10-24 17:40:39","efectivo","00:57:00","1","0","0","0"),
("5","27","1","2019-10-24 17:08:52","2019-10-24 17:24:54","2019-10-24 17:32:02","0","0","2019-10-24 17:53:23","efectivo","00:36:52","1","0","0","0"),
("6","30","1","2019-10-24 20:05:24",NULL,NULL,"0","0","2019-10-24 20:59:01","efectivo","00:53:00","1","0","0","0"),
("7","3","1","2019-10-24 19:28:43",NULL,NULL,"0","0","2019-10-24 21:16:06","efectivo","01:47:00","2","0","0","0"),
("8","35","1","2019-10-24 19:37:01",NULL,NULL,"0","0","2019-10-24 21:23:38","efectivo","01:46:00","1","20000","0","0"),
("9","57","1","2019-10-25 16:02:13",NULL,NULL,"0","0","2019-10-25 17:01:10","efectivo","00:58:00","1","0","0","0"),
("10","29","1","2019-10-25 18:59:08",NULL,NULL,"0","0","2019-10-25 20:59:09","efectivo","02:00:01","2","0","0","0"),
("11","32","1","2019-11-14 14:04:27",NULL,NULL,"0","0","2019-11-14 14:35:57","efectivo","00:31:00","1","0","0","0"),
("12","13","1","2019-11-14 15:03:07",NULL,NULL,"0","0","2019-11-14 15:54:09","efectivo","00:51:00","1","0","0","0"),
("13","43","1","2019-11-14 16:12:47",NULL,NULL,"0","0","2019-11-14 16:48:43","efectivo","00:35:00","1","0","0","0"),
("14","25","1","2019-11-14 21:23:32",NULL,NULL,"0","0","2019-11-14 21:52:01","efectivo","00:28:00","1","0","0","0"),
("15","59","1","2019-11-15 20:51:31",NULL,NULL,"0","0","2019-11-15 21:45:10","efectivo","00:53:00","2","0","0","0"),
("16","65","1","2019-11-15 20:51:13",NULL,NULL,"0","0","2019-11-15 21:45:18","efectivo","00:54:00","2","0","0","0");




CREATE TABLE `detalle_cortesia` (
  `id_detalle` int(11) NOT NULL AUTO_INCREMENT,
  `cor_consecutivo` int(11) NOT NULL,
  `det_cor_id_producto` int(11) NOT NULL,
  `det_cor_cantidad` int(11) NOT NULL,
  `det_cor_precio_compra` bigint(20) NOT NULL,
  `det_cor_valor_unidad` bigint(20) NOT NULL,
  `det_cor_valor_total` bigint(20) NOT NULL,
  `det_cor_fecha_venta` date NOT NULL,
  PRIMARY KEY (`id_detalle`),
  KEY `cor_consecutivo` (`cor_consecutivo`),
  KEY `det_cor_id_producto` (`det_cor_id_producto`),
  CONSTRAINT `detalle_cortesia_ibfk_1` FOREIGN KEY (`cor_consecutivo`) REFERENCES `cortesia` (`cor_consecutivo`) ON DELETE CASCADE ON UPDATE CASCADE,
  CONSTRAINT `detalle_cortesia_ibfk_2` FOREIGN KEY (`det_cor_id_producto`) REFERENCES `producto` (`id_producto`) ON UPDATE CASCADE
) ENGINE=InnoDB DEFAULT CHARSET=latin1;






CREATE TABLE `historial_proceso` (
  `id_historial` int(11) NOT NULL AUTO_INCREMENT,
  `fecha` date NOT NULL,
  `procentaje_ingresado` varchar(50) NOT NULL,
  `valor_debia_eliminar` varchar(50) NOT NULL,
  `valor_eliminado` varchar(50) NOT NULL,
  `facturas_eliminadas` mediumtext NOT NULL,
  `facturas_reorganizadas` mediumtext NOT NULL,
  PRIMARY KEY (`id_historial`)
) ENGINE=InnoDB AUTO_INCREMENT=4 DEFAULT CHARSET=latin1;


INSERT INTO historial_proceso VALUES
("1","2019-11-14","40","8773360","8773200","65166,65167,65168,65169,65170,65171,65172,65173,65174,65175,65176,65177,65178,65179,65180,65181,65182,65183,65184,65185,65186,65187,65188,65189,65190,65191,65192,65193,65194,65195,65196,65197,65198,65199,65200,65201,65202,65203,65204,65205,65206,65207,65208,65209,65210,65211,65212,65213,65214,65215,65216,65217,65218,65219,65220,65221,65222,65223,65224,65225,65226,65227,65228,65230,65231,65232,65233,65234,65235,65236,65237,65238,65239,65240,65241,65242,65243,65244,65245,65246,65247,65248,65249,65250,65251,65252,65253,65254,65255,65256,65257,65258,65259,65260,65261,65262,65263,65264,65265,65266,65267,65268,65269,65270,65271,65272,65273,65274,65275,65276,65277,65278,65279,65280,65281,65282,65283,65284,65285,65286,65287,65288,65289,65290,65291,65292,65293,65294,65295,65296,65297,65298,65299,65300,65301,65302,65303,65304,65305,65306,65307,65308,65309,65310,65311,65312,65313,65315,65316,65317,65318,65319,65320,65321,65322,65323,65324,65325,65326,65327,65328,65329,65330,65331,65332,65333,65334,65335,65336,65337,65338,65339,65340,65341,65342,65343,65344,65345,65346,65347,65348,65349,65350,65351,65352,65353,65354,65355,65356,65357,65358,65359,65360,65361,65362,65363,65364,65365,65366,65367,65368,65369,65370,65371,65372,65373,65374,65375,65376,65377,65378,65379,65380,65381,65382,65383,65384,65385,65386,65387,65388,65389,65390,65391,65392,65393,65394,65395,65396,65397,65398,65399,65400,65401,65402,65403,65500,65503","65510,65509,65508,65507,65506,65505,65504,65502,65501,65499,65497,65496,65495,65494,65493,65492,65491,65490,65489,65488,65487,65486,65485,65484,65483,65482,65480,65479,65478,65477,65476,65475,65474,65472,65471,65470,65469,65468,65467,65466,65465,65464,65463,65462,65461,65460,65459,65458,65457,65456,65455,65454,65453,65452,65451,65450,65449,65448,65447,65446,65445,65444,65443,65442,65441,65440,65439,65438,65437,65436,65435,65434,65433,65432,65431,65430,65429,65428,65427,65426,65425,65424,65423,65422,65421,65420,65419,65418,65417,65416,65415,65414,65413,65412,65411,65410,65409,65408,65407,65406,65405"),
("2","2019-11-14","40","5264080","2328700","65166,65405,65406,65407,65408,65409,65410,65411,65412,65413,65414,65415,65416,65417,65418,65419,65420,65421,65422,65423,65424,65425,65426,65427,65428,65429,65430,65431,65432,65433,65434,65435,65436,65437,65438,65439,65440,65441,65442,65443,65444,65445,65446,65447,65448,65449,65450,65451,65452,65453,65454,65455,65456,65457,65458,65459,65460,65461,65462,65463,65464,65465,65466,65467,65468,65469,65470,65471,65472,65474,65475,65476,65477,65478,65479,65480,65482,65483,65484,65485,65486,65487,65488,65489,65490,65491,65492,65493,65494,65495,65496,65497,65499,65502,65504,65505,65506,65508,65509","65507,65501"),
("3","2019-11-23","40","93200","79000","65912,65913,65914","65916,65915");




/*!40101 SET CHARACTER_SET_CLIENT=@OLD_CHARACTER_SET_CLIENT */;
/*!40101 SET CHARACTER_SET_RESULTS=@OLD_CHARACTER_SET_RESULTS */;
/*!40101 SET COLLATION_CONNECTION=@OLD_COLLATION_CONNECTION */;